ADDR_NUM,ADDR_DIR,ADDR_NAME,TRACT,BLOCK,CIRCUMFERENCE,SPECIES,DIAMETER,GRF,AGE,NOTE,
BROKEN! NEEDS FIXING: 0,X,INVALID,305,2008,65,AMERICAN ELM,21,4,84,"41.988135, -87.667095",
1421,W,ARDMORE,305,2008,107,SILVER MAPLE,34,3,102,SENN HS (WEST OF ALLEY),
1421,W,ARDMORE,305,2008,86,SILVER MAPLE,27,3,81,SENN HS (EAST OF ALLEY),
1411,W,ARDMORE,305,2008,83,SILVER MAPLE,26,3,78,,
1421,W,ARDMORE,305,2008,82,HONEY LOCUST,26,3,78,,
1429,W,ARDMORE,305,2008,108,AMERICAN ELM,34,4,136,,
1321,W,ARDMORE,305,3003,60,AMERICAN LINDEN,19,3,57,,
1319,W,ARDMORE,305,3003,96,SILVER MAPLE,31,3,93,,
1309,W,ARDMORE,305,3002,66,SILVER MAPLE,21,3,63,,
1263,W,ARDMORE,305,3001,69,WHITE ASH,22,5,110,,
1249,W,ARDMORE,305,3001,80,SILVER MAPLE,25,3,75,SUBTRACTED 12 TO COMPENSATE FOR DBL TRUNK.,
1254,W,ARDMORE,305,1012,88,NORTHERN CATALPA,28,2,56,,
1258,W,ARDMORE,305,1012,97,SILVER MAPLE,31,3,93,,
1264,W,ARDMORE,305,1012,106,SILVER MAPLE,34,3,102,,
1276,W,ARDMORE,305,1012,87,WHITE ASH,28,5,140,,
1280,W,ARDMORE,305,1012,84,SILVER MAPLE,27,3,81,,
1300,W,ARDMORE,305,1012,108,SILVER MAPLE,34,3,102,,
1308,W,ARDMORE,305,1012,140,SILVER MAPLE,45,3,135,MULTI TRUNK,
5734,N,BROADWAY,305,3011,54,WHITE ASH,17,5,85,,
5820,N,BROADWAY,305,1008,53,SUGAR MAPLE,17,5.5,94,AUDIT TO COME,
5850,N,BROADWAY,305,1008,47,SUGAR MAPLE,15,5.5,83,AUDIT TO COME,
BROKEN! NEEDS FIXING: 0,W,INVALID,305,1008,52,WHITE ASH,17,5.5,94,"41.984238, -87.660238",
1301,W,EARLY,305,3004,78,HONEY LOCUST,25,3,75,,
1305,W,EARLY,305,3004,125,SILVER MAPLE,40,3,120,,
1309,W,EARLY,305,3004,62,HONEY LOCUST,20,3,60,,
1312,W,EARLY,305,3002,45,WHITE ASH,14,5,70,,
1314,W,EARLY,305,3002,74,WHITE ASH,24,5,120,,
1313,W,EARLY,305,3004,92,SILVER MAPLE,29,3,87,,
1317,W,EARLY,305,3004,80,SILVER MAPLE,25,3,75,EAST PARKWAY TREE,
1317,W,EARLY,305,3004,78,SILVER MAPLE,25,3,75,WEST PARKWAY TREE,
1325,W,EARLY,305,3004,97,SILVER MAPLE,31,3,93,EAST PARKWAY TREE,
1325,W,EARLY,305,3004,67,SILVER MAPLE,21,3,63,WEST PARKWAY TREE,
1327,W,EARLY,305,3004,80,HONEY LOCUST,25,3,75,,
1334,W,EARLY,305,3003,69,NORWAY MAPLE,22,4.5,99,,
1335,W,EARLY,305,3004,67,NORWAY MAPLE,21,4.5,95,,
1341,W,EARLY,305,3004,90,SILVER MAPLE,29,3,87,,
1342,W,EARLY,305,3003,82,HONEY LOCUST,26,3,78,,
1345,W,EARLY,305,3004,109,SILVER MAPLE,35,3,105,,
1350,W,EARLY,305,3003,88,SILVER MAPLE,28,3,84,EAST PARKWAY TREE,
1350,W,EARLY,305,3003,96,SILVER MAPLE,31,3,93,WEST PARKWAY TREE,
1290,W,EARLY,305,3009,77,WHITE ASH,25,5,125,,
1288,W,EARLY,305,3009,70,HONEY LOCUST,22,3,66,,
1281,W,EARLY,305,3008,72,SILVER MAPLE,23,3,69,,
1279,W,EARLY,305,3008,84,SILVER MAPLE,27,3,81,,
1276,W,EARLY,305,3009,118,SILVER MAPLE,38,3,114,,
1275,W,EARLY,305,3008,90,SILVER MAPLE,29,3,87,,
1272,W,EARLY,305,3009,82,SILVER MAPLE,26,3,78,,
1264,W,EARLY,305,3009,92,HONEY LOCUST,29,3,87,,
1269,W,EARLY,305,3008,86,HONEY LOCUST,27,3,81,,
1261,W,EARLY,305,3008,86,HONEY LOCUST,27,3,81,,
1258,W,EARLY,305,3009,94,LINDEN,30,3,90,,
1256,W,EARLY,305,3009,81,SILVER MAPLE,26,3,78,,
1252,W,EARLY,305,3009,75,HONEY LOCUST,24,3,72,,
1248,W,EARLY,305,3009,117,SILVER MAPLE,37,3,111,,
1245,W,EARLY,305,3008,88,SILVER MAPLE,28,3,84,,
1239,W,EARLY,305,3008,69,HONEY LOCUST,22,3,66,,
1214,W,EARLY,305,3010,70,HONEY LOCUST,22,3,66,,
1214,W,EARLY,305,3010,56,WHITE ASH,18,5,90,,
5825,N,GLENWOOD,305,3004,75,NORTHERN CATALPA,24,2,48,,
5814,N,GLENWOOD,305,2008,90,HONEY LOCUST,29,3,87,,
5830,N,GLENWOOD,305,2008,92,HONEY LOCUST,29,3,87,,
5840,N,GLENWOOD,305,2008,67,AMERICAN ELM,21,4,84,,
BROKEN! NEEDS FIXING: 0,W,INVALID,,,46,WHITE OAK,15,5,75,NW CORNER HOLLYWOOD & RIDGE,HOLLYWOOD (GATEWAY GARDEN)
BROKEN! NEEDS FIXING: 0,W,INVALID,,,69,WHITE OAK,22,5,110,NEXT TO DYING OAK,HOLLYWOOD (GATEWAY GARDEN)
BROKEN! NEEDS FIXING: 0,W,INVALID,,,70,WHITE OAK,22,5,110,DYING TREE BEHIND WELCOME SIGN,HOLLYWOOD (GATEWAY GARDEN)
BROKEN! NEEDS FIXING: 0,W,INVALID,,,44,FIELD MAPLE,14,4,56,NEXT TREE EAST,HOLLYWOOD (GATEWAY GARDEN)
5843,N,MAGNOLIA,305,1009,112,TREE OF HEN,36,2,72,,
5835,N,MAGNOLIA,305,1009,102,SILVER MAPLE,32,3,96,,
5827,N,MAGNOLIA,305,1009,55,NORWAY MAPLE,18,4.5,81,,
5823,N,MAGNOLIA,305,1009,48,NORWAY MAPLE,15,4.5,68,,
5815,N,MAGNOLIA,305,1009,93,SILVER MAPLE,30,3,90,,
5811,N,MAGNOLIA,305,1009,46,NORWAY MAPLE,15,4.5,68,,
5805,N,MAGNOLIA,305,,113,SILVER MAPLE,36,3,108,,
5735,N,MAGNOLIA,305,,99,SILVER MAPLE,32,3,96,WEST SIDEWALK ADJACENT TO 1223 VICTORIA,
5729,N,MAGNOLIA,305,,80,SILVER MAPLE,25,3,75,,
5713,N,MAGNOLIA,305,,76,SILVER MAPLE,24,3,72,,
5709,N,MAGNOLIA,305,,75,SILVER MAPLE,24,3,72,,
5705,N,MAGNOLIA,305,,83,SILVER MAPLE,26,3,78,,
5649,N,MAGNOLIA,305,,49,NORWAY MAPLE,16,4.5,72,,
5643,N,MAGNOLIA,305,,43,WHITE ASH,14,5,70,,
5830,N,MAGNOLIA,305,,85,HONEY LOCUST,27,3,81,,
5862,N,MAGNOLIA,305,,57,NORWAY MAPLE,18,4,72,,
5824,N,MAGNOLIA,305,,56,NORWAY MAPLE,18,4,72,,
5820,N,MAGNOLIA,305,,59,NORWAY MAPLE,19,4,76,,
5818,N,MAGNOLIA,305,,51,NORWAY MAPLE,16,4,64,,
5730,N,MAGNOLIA,305,,58,WHITE ASH,18,5,90,,
5726,N,MAGNOLIA,305,,75,LINDEN,24,3,72,,
5665,N,RIDGE,,,43,WHITE ASH,14,5,70,,
5681,N,RIDGE,,,50,WHITE ASH,16,5,80,,
5715,N,RIDGE,,,61,AMERICAN ELM,19,4,76,,
5787,N,RIDGE,,,80,AMERICAN ELM,25,4,100,,
1276,W,VICTORIA,,,42,WHITE ASH,13,5,65,,
1260,W,VICTORIA,,,43,NORWAY MAPLE,14,4.5,63,,
1256,W,VICTORIA,,,89,MULBERRY,28,2.3,64,,
1256,W,VICTORIA,,,86,SILVER MAPLE,27,3,81,,
1224,W,VICTORIA,,,85,WHITE ASH,27,5,135,,
1221,W,VICTORIA,,,79,SILVER MAPLE,25,3,75,,
1237,W,VICTORIA,,,72,SILVER MAPLE,23,3,69,,
1245,W,VICTORIA,,,94,SILVER MAPLE,30,3,90,,
1247,W,VICTORIA,,,120,SILVER MAPLE,38,3,114,,
1261,W,VICTORIA,,,58,NORWAY MAPLE,18,4.5,81,,
1265,W,VICTORIA,,,52,NORWAY MAPLE,17,4.5,77,,
1265,W,VICTORIA,,,59,WHITE ASH,19,5,95,,
1269,W,VICTORIA,,,72,HORSE CHESTNUT,23,8,184,,
1273,W,VICTORIA,,,50,NORWAY MAPLE,16,4.5,72,,
1275,W,VICTORIA,,,54,NORWAY MAPLE,17,4.5,77,,
1277,W,VICTORIA,,,63,HONEY LOCUST,20,3,60,,
1277,W,VICTORIA,,,55.5,WHITE ASH,18,5,90,,
5810,N,WAYNE,,,58,WHITE ASH,18,5,90,,
5812,N,WAYNE,,,61,WHITE ASH,19,5,95,,
5814,N,WAYNE,,,110,AMERICAN ELM,35,4,140,,
5826,N,WAYNE,,,63,NORWAY MAPLE,20,4.5,90,SOUTH PARKWAY TREE,
5826,N,WAYNE,,,68,NORWAY MAPLE,22,4.5,99,NORTH PARKWAY TREE,
5832,N,WAYNE,,,136,HONEY LOCUST,43,3,129,,
5836,N,WAYNE,,,51,NORWAY MAPLE,16,4.5,72,,
5840,N,WAYNE,,,74,HONEY LOCUST,24,3,72,SOUTH PARKWAY TREE,
5825,N,WAYNE,,,162,SILVER MAPLE,52,3,156,,
5815,N,WAYNE,,,60,NORWAY MAPLE,19,4.5,86,SECOND TREE NORTH OF DOOR,
5815,N,WAYNE,,,58,NORWAY MAPLE,18,4.5,81,FIRT TREE NORTH OF DOOR,
5815,N,WAYNE,,,39,NORWAY MAPLE,12,4.5,54,FIRST TREE SOUTH OF DOOR,
5815,N,WAYNE,,,60,NORWAY MAPLE,19,4.5,86,SECOND TREE SOUTH OF DOOR,
1290,W,EARLY,,,65,NORWAY MAPLE,21,4.5,95,CORNER OF WAYNE & EARLY,
1281,W,EARLY,,,58,SILVER MAPLE,18,3,54,SE CORNER WAYNE & EARLY,
1281,W,EARLY,,,106,SILVER MAPLE,34,3,102,ACROSS FROM ALLEY ENTRANCE,
1279,W,EARLY,,,67,HONEY LOCUST,21,3,63,REAR OF BUILDING ON WAYNE,
5705,N,WAYNE,,,56,WHITE ASH,18,5,90,,
5710,N,WAYNE,,,45,NORWAY MAPLE,14,4.5,63,SOUTH PARKWAY TREE,
5710,N,WAYNE,,,45,NORWAY MAPLE,14,4.5,63,NORTH PARKWAY TREE,
5720,N,WAYNE,,,79,SILVER MAPLE,25,3,75,,
5720,N,WAYNE,,,90,AMERICAN ELM,29,4,116,,
5722,N,WAYNE,,,103,SILVER MAPLE,33,3,99,,
5734,N,WAYNE,,,113,SILVER MAPLE,36,3,108,,

BROKEN! NEEDS FIXING: ,,,,,82,SIVER MAPLE,26.1,3,78,BERGER PARK
BROKEN! NEEDS FIXING: ,,,,,113,COMMON MULBERRY,36.0,2.3,83,BERGER PARK
BROKEN! NEEDS FIXING: ,,,,,93,HONEY LOCUST,29.6,3,89,BERGER PARK
BROKEN! NEEDS FIXING: ,,,,,78.5,NORWAY MAPLE,25.0,4.5,113,BERGER PARK
BROKEN! NEEDS FIXING: ,,,,,158,RED MULBERRY,50.3,2.3,116,BERGER PARK
BROKEN! NEEDS FIXING: ,,,,,97,SLIPPERY ELM,30.9,4,124,BERGER PARK
BROKEN! NEEDS FIXING: ,,,,,95,NORWAY MAPLE,30.3,4.5,136,BERGER PARK
BROKEN! NEEDS FIXING: ,,,,,114,NORWAY MAPLE,36.3,4.5,163,BERGER PARK
5400,N,WAYNE,308,2006,93,HONEY LOCUST,29.6,3,89,NE CORNER PARKWAY
5400,N,WAYNE,308,2006,98,HONEY LOCUST,31.2,3,94,N PARKWAY
1354,W,BALMORAL,308,2007,84,AMERICAN ELM?,26.7,4,107,MID PARKWAY
1354,W,BALMORAL,308,,74,HONEY LOCUST,23.6,3,71,NW SIDE
1354,W,BALMORAL,308,,73,SLIVER MAPLE,23.2,3,70,CORNER
1408,W,BALMORAL,308,,88,SLIVER MAPLE,28,3,84,WEST END
1420,W,BALMORAL,308,,104,SLIVER MAPLE,33.1,3,99,
1428,W,BALMORAL,308,,86,HONEY LOCUST,27.4,4.5,119,
1436,W,BALMORAL,308,,80,SLIVER MAPLE,25.5,3,82,
1438,W,BALMORAL,308,,60,GR OR WHITE ASH,19.1,5,95,TREE TAGGED TWICE
1448,W,BALMORAL,308,,67,NORWAY MAPLE,21.3,4.5,107,
1460,W,BALMORAL,308,2014,59,NORWAY MAPLE,18.8,4.5,84,
1472,W,BALMORAL,308,,66,HONEY LOCUST,21,3,63,BY LESCAS GARDEN
1341,W,BALMORAL,308,,65,SILVER MAPLE,21,3,62,
1351,W,BALMORAL,308,,64,SILVER MAPLE,20,3,61,
1355,W,BALMORAL,308,,71,SILVER MAPLE,22,3,68,WEST EMD
1401,W,BALMORAL,308,,53,ASH,17,5,84,
1415,W,BALMORAL,308,3008,94,SLIVER MAPLE,30,3,90,
1419,W,BALMORAL,308,,64,SLIVER MAPLE,20,3,61,
1421,W,BALMORAL,308,,67,HONEY LOCUST,21,3,64,
1431,W,BALMORAL,308,,66,NORWAY MAPLE?,21,4.5,94,
1459,W,BALMORAL,308,,56,NORWAY MAPLE?,18,4.5,80,
1469,W,BALMORAL,308,3009,60,HONEY LOCUST,18,3,57,
5527,N,GLENWOOD,308,,103,HONEY LOCUST,33,3,99,
5521,N,GLENWOOD,308,,41,NORWAY MAPLE,13,4.5,59,
5519,N,GLENWOOD,308,,60,NORWAY MAPLE,19,4.5,86,
5517,N,GLENWOOD,308,,48,HONEY LOCUST,15,3,45,
5511,N,GLENWOOD,308,,70,AMERICAN ELM,22,4,88,
5505,N,GLENWOOD,308,1007,86,GREEN ASH,27,4,108,
5506,N,GLENWOOD,308,,89,SILVER MAPLE,28,3,84,
5508,N,GLENWOOD,308,,100,AMERICAN ELM,32,4,128,
5512,N,GLENWOOD,308,,53,AMERICAN ELM,17,4,68,
5514,N,GLENWOOD,308,,114,SILVER MAPLE,36,3,108,
5518,N,GLENWOOD,308,,50,HONEY LOCUST,16,3,48,
5520,N,GLENWOOD,308,,44,RED MAPLE,14,4.5,63,
5536,N,GLENWOOD,308,,59,WHITE ASH,19,5,95,
5538,N,GLENWOOD,308,,64,WHITE ASH,20,5,100,
5540,N,GLENWOOD,308,,53,BURR OAK,17,5,85,
5542,N,GLENWOOD,308,,51,WHITE ASH,16,5,80,
5544,N,GLENWOOD,308,,35,RED MAPLE,11,4.5,50,
5550,N,GLENWOOD,308,,43,RED MAPLE,14,4.5,63,
BROKEN! NEEDS FIXING: 5550,N,GLENWOOD,308,,84,???,27,,0,JUST NORTH
5550,N,GLENWOOD,308,,41,COMMON HACKBERRY,13,2,26,PARKING LOT
5550,N,GLENWOOD,308,,40,COMMON HACKBERRY,13,2,26,          
BROKEN! NEEDS FIXING: 0,W,INVALID,,,33,AMERICAN ELM,11,4,44,EAST SIDE OF GREGORY ON GLENWOOD AROUND THE CORNER FROM 1355 BRYN MAWR
5553,N,GLENWOOD,,,33,NORWAY MAPLE,11,4.5,50,
5551,N,GLENWOOD,,,68,HONEY LOCUST,22,3,66,
5549,N,GLENWOOD,,,87,HONEY LOCUST,28,3,84,
5537,N,GLENWOOD,,,97,HONEY LOCUST,31,3,93,
5401,N,GLENWOOD,,,86,HONEY LOCUST,27,3,81,
5411,N,GLENWOOD,,,88,AMERICAN ELM,28,4,112,
5417,N,GLENWOOD,,,78,HONEY LOCUST,25,3,75,
5417,N,GLENWOOD,,,101,HONEY LOCUST,32,3,96,
5419,N,GLENWOOD,,,45,SILVER MAPLE,14,3,42,
5421,N,GLENWOOD,,,87,HONEY LOCUST,28,3,84,
5425,N,GLENWOOD,,,85,SILVER MAPLE,27,3,81,
5426,N,GLENWOOD,,,58,WHITE ASH,18,5,90,ON CORNER OF GLENWWOD AROUND THE CORNER FROM 1403 RASCHER
BROKEN! NEEDS FIXING: 0,W,INVALID,,,53,GREEN ASH,17,4,68,???
5418,N,GLENWOOD,,,57,GREEN ASH,18,4,72,
5416,N,GLENWOOD,,,60,HONEY LOCUST,19,3,57,
5412,N,GLENWOOD,,,35,GREEN ASH,11,4,44,
5410,N,GLENWOOD,,,39,NORWAY MAPLE,12,4.5,54,
5410,N,GLENWOOD,,,57,GREEN ASH,18,4,72,
5400,N,GLENWOOD,,,83,SILVER MAPLE,26,3,78,
5432,N,GLENWOOD,,,55,HONEY LOCUST,18,3,54,
5434,N,GLENWOOD,,,92,SILVER MAPLE,29,3,87,
5442,N,GLENWOOD,,,69,WHITE ASH,22,5,110,
5444,N,GLENWOOD,,,64,WHITE ASH,20,5,100,
5448,N,GLENWOOD,,,59,NORWAY MAPLE,19,4.5,86,
5452,N,GLENWOOD,,,43,AMERICAN ELM,14,4,56,
5455,N,GLENWOOD,,,85,HONEY LOCUST,27,3,81,ON GLENWWOD AROUND THE CORNER FROM CATALPA -NORTH OF 5455 GLENWOOD
5449,N,GLENWOOD,,,98,SILVER MAPLE,31,3,93,
5445,N,GLENWOOD,,,58,RED MAPLE,18,4.5,81,
5439,N,GLENWOOD,,,46,WHITE ASH,15,5,75,
5437,N,GLENWOOD,,,39,WHITE ASH,12,5,60,
5433,N,GLENWOOD,,,67,WHITE ASH,21,5,105,
5431,N,GLENWOOD,,,32,GREEN ASH,10,4,40,
5302,N,GLENWOOD,,,58,HONEY LOCUST,18,3,54,
5306,N,GLENWOOD,,,51,WHITE ASH,16,5,80,
5308,N,GLENWOOD,,,37,NORWAY MAPLE,12,4.5,54,
5314,N,GLENWOOD,,,58,WHITE ASH,18,5,90,
5318,N,GLENWOOD,,,62,HONEY LOCUST,20,3,60,
5322,N,GLENWOOD,,,87,SILVER MAPLE,28,3,84,
5325,N,GLENWOOD,,,34,HONEY LOCUST,11,3,33,TWO TREES TOGTHER
5325,N,GLENWOOD,,,42,HONEY LOCUST,13,3,39,TWO TREES TOGTHER
5311,N,GLENWOOD,,,67,WHITE ASH,21,5,105,PROPERTY LINE BETWEEN
5311,N,GLENWOOD,,,62,WHITE ASH,20,5,100,
5305,N,GLENWOOD,,,87,AMERICAN ELM,28,4,112,
BROKEN! NEEDS FIXING: 5305,N,GLENWOOD,,,43,FIELD ELM,14,,0,SOUTH OF 5305 AROUND CORNER
1354,W,SUMMERDALE,,,31,AMERICAN ELM,10,3,30,ON GLENWOOD CORNER
1400,W,SUMMERDALE,,,73,COMMON HACKBERRY,23,2,46,AROUND CORNER ON GLENWOOD
5338,N,GLENWOOD,,,59,NORWAY MAPLE,19,4.5,86,
5342,N,GLENWOOD,,,50,NORWAY MAPLE,16,4.5,72,
5346,N,GLENWOOD,,,44,NORWAY MAPLE,14,4.5,63,
5350,N,GLENWOOD,,,79,SILVER MAPLE,25,3,75,
5354,N,GLENWOOD,,,37,NORWAY MAPLE,12,4.5,54,
5356,N,GLENWOOD,,,47,NORWAY MAPLE,15,4.5,68,
1355,W,BALMORAL,,,115,SILVER ELM,37,2,74,ON GLENWOOD CORNER
5355,N,GLENWOOD,,,80,HONEY LOCUST,25,3,75,
5351,N,GLENWOOD,,,86,HONEY LOCUST,27,3,81,
5345,N,GLENWOOD,,,122,HONEY LOCUST,39,3,117,
5345,N,GLENWOOD,,,86,SIVER MAPLE,27,3,81,
5200,N,WINTHROP,307,1003,81,HONEY LOCUST,25.8,3,77,
5206,N,WINTHROP,307,,85,HONEY LOCUST,27.1,3,81,
5206,N,WINTHROP,307,,111,HONEY LOCUST,35.4,3,106,
5207,N,WINTHROP,307,1004,63,SILVER MAPLE,20.1,3,60,
5217,N,WINTHROP,307,,93,HONEY LOCUST,29.6,3,89,
5223,N,WINTHROP,307,,80,HONEY LOCUST,25.5,3,77,
5224,N,WINTHROP,307,,64,HONEY LOCUST,20.4,3,61,
5227,N,WINTHROP,307,,81,HONEY LOCUST,25.8,3,77,
5228,N,WINTHROP,307,1003,75,HONEY LOCUST,23.9,3,72,
5235,N,WINTHROP,307,,69,HONEY LOCUST,22.0,3,66,
5235,N,WINTHROP,307,,66,HONEY LOCUST,21.0,3,63,
5240,N,WINTHROP,307,,80,HONEY LOCUST,25.5,3,77,
5248,N,WINTHROP,307,,90,HONEY LOCUST,28.7,3,86,
5309,N,WINTHROP,307,,67,HONEY LOCUST,21.3,3,64,
5321,N,WINTHROP,307,,89,HONEY LOCUST,28.3,3,85,
5330,N,WINTHROP,307,,85,HONEY LOCUST,27.1,3,81,
5327,N,WINTHROP,307,,97,HONEY LOCUST,30.9,3,93,
5331,N,WINTHROP,307,,72,HONEY LOCUST,22.9,3,69,
5339,N,WINTHROP,307,,60,HONEY LOCUST,19.1,3,57,
5346,N,WINTHROP,307,,97,HONEY LOCUST,30.9,3,93,
5346,N,WINTHROP,307,,75,HONEY LOCUST,23.9,3,72,
5349,N,WINTHROP,307,,63,HONEY LOCUST,20.1,3,60,
5352,N,WINTHROP,307,,90,HONEY LOCUST,28.7,3,86,
5404,N,WINTHROP,307,,85,HONEY LOCUST,27.1,3,81,
5411,N,WINTHROP,307,,69,HONEY LOCUST,22.0,3,66,
5411,N,WINTHROP,307,,69,HONEY LOCUST,22.0,3,66,
5422,N,WINTHROP,307,,96,HONEY LOCUST,30.6,3,92,
5423,N,WINTHROP,307,,69,HONEY LOCUST,22.0,3,66,
5428,N,WINTHROP,307,,104,SIBERIAN ELM,33.1,2,66,
5428,N,WINTHROP,307,,63,MISSING,20.1,4,80,
5443,N,WINTHROP,307,,82,AMERICAN ELM,26.1,4,104,
5444,N,WINTHROP,307,,74,HONEY LOCUST,23.6,3,71,
5449,N,WINTHROP,307,,72,HONEY LOCUST,22.9,3,69,
5515,N,WINTHROP,307,,61,HONEY LOCUST,19.4,3,58,
5515,N,WINTHROP,307,,82,AMERICAN ELM,26.1,4,104,
5515,N,WINTHROP,307,,69,AMERICAN ELM,22.0,4,88,
5517,N,WINTHROP,307,,69,AMERICAN ELM,22.0,4,88,
5517,N,WINTHROP,307,,82,AMERICAN ELM,26.1,4,104,
5539,N,WINTHROP,307,,83,HONEY LOCUST,26.4,3,79,
5620,N,WINTHROP,307,,97,HACKENBERRY,30.9,2,62,
5624,N,WINTHROP,307,,80,HACKENBERRY,25.5,2,51,
5626,N,WINTHROP,307,,73,HACKENBERRY,23.2,2,46,
5630,N,WINTHROP,307,,74,HACKENBERRY,23.6,2,47,
5636,N,WINTHROP,307,,67,HACKENBERRY,21.3,2,43,
5638,N,WINTHROP,307,,72,HACKENBERRY,22.9,2,46,
5644,N,WINTHROP,307,,80,HACKENBERRY,25.5,2,51,
5648,N,WINTHROP,307,,64,HACKENBERRY,20.4,2,41,
5648,N,WINTHROP,307,,65,HACKENBERRY,20.7,2,41,
5650,N,WINTHROP,307,,80,HACKENBERRY,25.5,2,51,
5653,N,WINTHROP,307,,88,HACKENBERRY,28.0,2,56,
5653,N,WINTHROP,307,,85,HACKENBERRY,27.1,2,54,
5653,N,WINTHROP,307,,97,HACKENBERRY,30.9,2,62,
5653,N,WINTHROP,307,,86,HACKENBERRY,27.4,2,55,
1013,W,BALMORAL,307,,90,HONEY LOCUST,28.7,3,86,
1014,W,BALMORAL,307,,64,HONEY LOCUST,20.4,3,61,
1014,W,BALMORAL,307,,62,HONEY LOCUST,19.7,3,59,
1016,W,BALMORAL,307,,72,HONEY LOCUST,22.9,3,69,
1016,W,BALMORAL,307,,70,HONEY LOCUST,22.3,3,67,
1019,W,BALMORAL,307,,76,HONEY LOCUST,24.2,3,73,
1023,W,BALMORAL,307,,75,HONEY LOCUST,23.9,3,72,
1029,W,BALMORAL,307,,72,HONEY LOCUST,22.9,3,69,
1057,W,BALMORAL,307,,67,HONEY LOCUST,21.3,3,64,
1059,W,BALMORAL,307,,70,HONEY LOCUST,22.3,3,67,
1106,W,BALMORAL,307,,74,AMERICAN ELM,23.6,4,94,
1014,W,BERWYN,307,,69,HONEY LOCUST,22.0,3,66,
1016,W,BERWYN,307,,83,HONEY LOCUST,26.4,3,79,
1017,W,BERWYN,307,,62,NORWAY MAPLE,19.7,4.5,89,
1023,W,BERWYN,307,,98,HONEY LOCUST,31.2,3,94,
1038,W,BERWYN,307,,70,SILVER MAPLE,22.3,3,67,
1044,W,BERWYN,307,,93,HONEY LOCUST,29.6,3,89,
1044,W,BERWYN,307,,100,HONEY LOCUST,31.8,3,95,
1050,W,BERWYN,307,,88,HONEY LOCUST,28.0,3,84,
1056,W,BERWYN,307,,85,HONEY LOCUST,27.1,3,81,
1057,W,BERWYN,307,,66,HONEY LOCUST,21.0,3,63,
5200,N,KENMORE,307,,71,HONEY LOCUST,22.6,3,68,
5202,N,KENMORE,307,,60,NORWAY MAPLE,19.1,4.5,86,
5218,N,KENMORE,307,,73,HONEY LOCUST,23.2,3,70,
5220,N,KENMORE,307,,71,HONEY LOCUST,22.6,3,68,
5229,N,KENMORE,307,,66,NORWAY MAPLE,21.0,4.5,95,
5240,N,KENMORE,307,,80,HONEY LOCUST,25.5,3,77,
5312,N,KENMORE,307,,62,HONEY LOCUST,19.7,3,59,
5312,N,KENMORE,307,,77,SILVER MAPLE,24.5,3,74,
5330,N,KENMORE,307,,65,HONEY LOCUST,20.7,3,62,
5330,N,KENMORE,307,,65,HONEY LOCUST,20.7,3,62,
5340,N,KENMORE,307,,75,HONEY LOCUST,23.9,3,72,
5350,N,KENMORE,307,,82,HONEY LOCUST,26.1,3,78,
5351,N,KENMORE,307,,75,HONEY LOCUST,23.9,3,72,
5354,N,KENMORE,307,,92,HONEY LOCUST,29.3,3,88,
5357,N,KENMORE,307,,75,HONEY LOCUST,23.9,3,72,
5401,N,KENMORE,307,,63,HONEY LOCUST,20.1,3,60,
5401,N,KENMORE,307,,75,HONEY LOCUST,23.9,3,72,
5402,N,KENMORE,307,,74,HONEY LOCUST,23.6,3,71,
BROKEN! NEEDS FIXING: 5420,N,KENMORE,307,,62,ASH,19.7,,0,
5427,N,KENMORE,307,,60,NORWAY MAPLE,19.1,4.5,86,
5430,N,KENMORE,307,,78,HONEY LOCUST,24.8,3,74,
5430,N,KENMORE,307,,115,SIBERIAN ELM,36.6,2,73,
5439,N,KENMORE,307,,73,HONEY LOCUST,23.2,3,70,
5440,N,KENMORE,307,,86,HONEY LOCUST,27.4,3,82,
5445,N,KENMORE,307,,61,HONEY LOCUST,19.4,3,58,
5451,N,KENMORE,307,,67,LINDEN,21.3,3,64,
5458,N,KENMORE,307,,76,HONEY LOCUST,24.2,3,73,
5506,N,KENMORE,307,,68,SUGAR MAPLE,21.7,5.5,119,
5510,N,KENMORE,307,,74,HONEY LOCUST,23.6,3,71,
5514,N,KENMORE,307,,78,HONEY LOCUST,24.8,3,74,
5516,N,KENMORE,307,,89,HONEY LOCUST,28.3,3,85,
5522,N,KENMORE,307,,71,HONEY LOCUST,22.6,3,68,
5522,N,KENMORE,307,,66,HONEY LOCUST,21.0,3,63,
5620,N,KENMORE,307,,62,HONEY LOCUST,19.7,3,59,
5620,N,KENMORE,307,,75,AMERICAN ELM,23.9,4,96,
5630,N,KENMORE,307,,60,HACKBERRY,19.1,2,38,
5630,N,KENMORE,307,,80,HACKBERRY,25.5,2,51,
5621,N,KENMORE,307,,62,GREEN ASH,19.7,4,79,
1101,W,CATALPA,307,,61,HONEY LOCUST,19.4,3,58,
1101,W,CATALPA,307,,67,HONEY LOCUST,21.3,3,64,
1104,W,CATALPA,307,,62,HONEY LOCUST,19.7,3,59,
1104,W,CATALPA,307,,65,HONEY LOCUST,20.7,3,62,
1104,W,CATALPA,307,,69,HONEY LOCUST,22.0,3,66,
1214,W,GRANVILLE,302,,82.5,NORWAY MAPLE,26,4.5,117,
1218,W,GRANVILLE,302,,57.5,AMERICAN SYCAMORE,18,4,72,
1218,W,GRANVILLE,302,,107,NORWAY MAPLE,34,4.5,153,
1221,W,GRANVILLE,302,,82,NORWAY MAPLE,26,4.5,117,
1231,W,GRANVILLE,302,,45,BLACK LOCUST,14,3.5,49,
1234,W,GRANVILLE,302,,120,BLACK OAK,38,2,76,
1236,W,GRANVILLE,302,,63,NORWAY MAPLE,20,4.5,90,
1248,W,GRANVILLE,302,,73,SILVER MAPLE,23,3,69,
1256,W,GRANVILLE,302,,137,BLACK LOCUST,44,3.5,154,
1306,W,GRANVILLE,302,,73,NORWAY MAPLE,23,4.5,104,
1310,W,GRANVILLE,302,,94,NORWAY MAPLE,30,4.5,135,
1316,W,GRANVILLE,302,,113,AMERICAN ELM,36,4,144,
1316,W,GRANVILLE,302,,73,AMERICAN SYCAMORE,23,4,92,
1335,W,GRANVILLE,302,,92,BLACK LOCUST,29,3.5,102,
1336,W,GRANVILLE,302,,83,BLACK LOCUST,26,3.5,91,
1340,W,GRANVILLE,302,,86,NORWAY MAPLE,27,4.5,122,
1341,W,GRANVILLE,302,,88,AMERICAN SYCAMORE,28,4,112,
1343,W,GRANVILLE,302,,101,NORWAY MAPLE,32,4.5,144,
1351,W,GRANVILLE,302,,96,NORTH CATALPA,31,2,62,
1352,W,GRANVILLE,302,,85,AMERICAN LINDEN,27,3,81,
1413,W,GRANVILLE,302,,87,SILVER MAPLE,28,3,84,
1419,W,GRANVILLE,302,,94,AMERICAN SYCAMORE,30,4,120,
1420,W,GRANVILLE,302,,72,NORWAY MAPLE,23,4.5,104,
1433,W,GRANVILLE,302,,84,AMERICAN SYCAMORE,27,4,108,
1436,W,GRANVILLE,302,,59,NORWAY MAPLE,19,4.5,86,
1443,W,GRANVILLE,302,,103,AMERICAN SYCAMORE,33,4,132,
1443,W,GRANVILLE,302,,98,SILVER MAPLE,31,3,93,
1444,W,GRANVILLE,302,,63,NORWAY MAPLE,20,4.5,90,
1451,W,GRANVILLE,302,,87,BLACK LOCUST,28,3.5,98,
1456,W,GRANVILLE,302,,87,SILVER MAPLE,28,3,84,
1456,W,GRANVILLE,302,,84,SILVER MAPLE,27,3,81,
1505,W,GRANVILLE,302,,72,BLACK LOCUST,23,3.5,81,
1507,W,GRANVILLE,302,,70,BLACK LOCUST,22,3.5,77,
1517,W,GRANVILLE,302,,91,BLACK LOCUST,29,3.5,102,
1541,W,GRANVILLE,302,,65,HONEY LOCUST,21,3,63,
1218,W,HOOD,302,,74,NORWAY MAPLE,24,4.5,108,
1227,W,HOOD,302,,76,SILVER MAPLE,24,3,72,
1230,W,HOOD,302,,80,AMERICAN LINDEN,25,3,75,
1234,W,HOOD,302,,84,WHITE ASH,27,5,135,
1239,W,HOOD,302,,80,AMERICAN SYCAMORE,25,4,100,
1249,W,HOOD,302,,77,AMERICAN SYCAMORE,25,4,100,
1250,W,HOOD,302,,85,AMERICAN SYCAMORE,27,4,108,
1265,W,HOOD,302,,148,EASTERN COTTONWOOD,47,2,94,
1267,W,HOOD,302,,93,SILVER MAPLE,30,3,90,
1301,W,HOOD,302,,58,AMERICAN SYCAMORE,18,4,72,
1322,W,HOOD,302,,75,SILVER MAPLE,24,3,72,
1325,W,HOOD,302,,102,AMERICAN SYCAMORE,32,4,128,
1336,W,HOOD,302,,95,SILVER MAPLE,30,3,90,
1343,W,HOOD,302,,74,BLACK LOCUST,24,3.5,84,
1347,W,HOOD,302,,97,SILVER MAPLE,31,3,93,
1347,W,HOOD,302,,92,SILVER MAPLE,29,3,87,
1350,W,HOOD,302,,75,AMERICAN SYCAMORE,24,4,96,
1415,W,HOOD,302,,84,BLACK LOCUST,27,3.5,95,
1421,W,HOOD,302,,72,SILVER MAPLE,23,3,69,
1424,W,HOOD,302,,144,SILVER MAPLE,46,3,138,
1442,W,HOOD,302,,118,SILVER MAPLE,38,3,114,
1446,W,HOOD,302,,108,BLACK LOCUST,34,3.5,119,
1454,W,HOOD,302,,83,NORWAY MAPLE,26,4.5,117,
1458,W,HOOD,302,,121,MULBERRY,39,2.3,90,
1500,W,HOOD,302,,83,AMERICAN SYCAMORE,26,4,104,
1501,W,HOOD,302,,80,NORWAY MAPLE,25,4.5,113,
1505,W,HOOD,302,,72,AMERICAN SYCAMORE,23,4,92,
1506,W,HOOD,302,,90,BLACK LOCUST,29,3.5,102,
1507,W,HOOD,302,,91,AMERICAN SYCAMORE,29,4,116,
1518,W,HOOD,302,,100,BLACK LOCUST,32,3.5,112,
1525,W,HOOD,302,,88,AMERICAN SYCAMORE,28,4,112,
1528,W,HOOD,302,,98,WHITE ASH,31,5,155,
1529,W,HOOD,302,,102,AMERICAN SYCAMORE,32,4,128,
1535,W,HOOD,302,,92,NORWAY MAPLE,29,4.5,131,
1219,W,GLENLAKE,302,,78,NORWAY MAPLE,25,4.5,113,
1224,W,GLENLAKE,302,,81,BLACK LOCUST,26,3.5,91,
1234,W,GLENLAKE,302,,104,AMERICAN SYCAMORE,33,4,132,
1249,W,GLENLAKE,302,,74,AMERICAN ELM,24,4,96,
1261,W,GLENLAKE,302,,110,SILVER MAPLE,35,3,105,
1265,W,GLENLAKE,302,,72,AMERICAN ELM,23,4,92,
1265,W,GLENLAKE,302,,72,AMERICAN SYCAMORE,23,4,92,
1309,W,GLENLAKE,302,,102,SILVER MAPLE,32,3,96,
1318,W,GLENLAKE,302,,96,BLACK LOCUST,31,3.5,109,
1324,W,GLENLAKE,302,,105,AMERICAN SYCAMORE,33,4,132,
1348,W,GLENLAKE,302,,80,AMERICAN ELM,25,4,100,
1349,W,GLENLAKE,302,,102,BLACK LOCUST,32,3.5,112,
1353,W,GLENLAKE,302,,94,AMERICAN ELM,30,4,120,
1400,W,GLENLAKE,302,,106,AMERICAN SYCAMORE,34,4,136,
1401,W,GLENLAKE,302,,69,NORWAY MAPLE,22,4.5,99,
1401,W,GLENLAKE,302,,85,SILVER MAPLE,27,3,81,
1401,W,GLENLAKE,302,,78,SILVER MAPLE,25,3,75,
1404,W,GLENLAKE,302,,114,BLACK LOCUST,36,3.5,126,
1407,W,GLENLAKE,302,,89,BLACK LOCUST,28,3.5,98,
1415,W,GLENLAKE,302,,101,BLACK LOCUST,32,3.5,112,
1417,W,GLENLAKE,302,,82,BLACK LOCUST,26,3.5,91,
1420,W,GLENLAKE,302,,160,SILVER MAPLE,51,3,153,
1424,W,GLENLAKE,302,,80,BLACK LOCUST,25,3.5,88,
1428,W,GLENLAKE,302,,90,AMERICAN SYCAMORE,29,4,116,
1429,W,GLENLAKE,302,,80,BLACK LOCUST,25,3.5,88,
1431,W,GLENLAKE,302,,83,BLACK LOCUST,26,3.5,91,
1432,W,GLENLAKE,302,,92,SILVER MAPLE,29,3,87,
1440,W,GLENLAKE,302,,90,AMERICAN SYCAMORE,29,4,116,
1441,W,GLENLAKE,302,,105,SILVER MAPLE,33,3,99,
1443,W,GLENLAKE,302,,69,SILVER MAPLE,22,3,66,
1445,W,GLENLAKE,302,,80,AMERICAN SYCAMORE,25,4,100,
1445,W,GLENLAKE,302,,73,NORWAY MAPLE,23,4.5,104,
1448,W,GLENLAKE,302,,108,SILVER MAPLE,34,3,102,
1451,W,GLENLAKE,302,,123,SILVER MAPLE,39,3,117,
1459,W,GLENLAKE,302,,84,NORWAY MAPLE,27,4.5,122,
1504,W,GLENLAKE,302,,90,AMERICAN SYCAMORE,29,4,116,
1519,W,GLENLAKE,302,,127,SILVER MAPLE,40,3,120,
1522,W,GLENLAKE,302,,88,AMERICAN SYCAMORE,28,4,112,
1529,W,GLENLAKE,302,,77,SILVER MAPLE,25,3,75,
1538,W,GLENLAKE,302,,79,AMERICAN SYCAMORE,25,4,100,
1541,W,GLENLAKE,302,,68,NORWAY MAPLE,22,4.5,99,
1221,W,NORWOOD,302,,70,NORWAY MAPLE,22,4.5,99,
1224,W,NORWOOD,302,,85,AMERICAN SYCAMORE,27,4,108,
1228,W,NORWOOD,302,,113,SILVER MAPLE,36,3,108,
1228,W,NORWOOD,302,,65,SILVER MAPLE,21,3,63,
1242,W,NORWOOD,302,,75,SILVER MAPLE,24,3,72,
1248,W,NORWOOD,302,,87,NORWAY MAPLE,28,4.5,126,
1249,W,NORWOOD,302,,68,NORWAY MAPLE,22,4.5,99,
1252,W,NORWOOD,302,,102,AMERICAN ELM,32,4,128,
1262,W,NORWOOD,302,,74,AMERICAN ELM,24,4,96,
1284,W,NORWOOD,302,,89,NORWAY MAPLE,28,4.5,126,
1300,W,NORWOOD,302,,85,AMERICAN ELM,27,4,108,
1308,W,NORWOOD,302,,73,WHITE ASH,24,5,120,
1310,W,NORWOOD,302,,119,AMERICAN ELM,38,4,152,
1316,W,NORWOOD,302,,80,NORWAY MAPLE,25,4.5,113,
1330,W,NORWOOD,302,,136,SILVER MAPLE,43,3,129,
1352,W,NORWOOD,302,,82,AMERICAN SYCAMORE,26,4,104,
1353,W,NORWOOD,302,,72,AMERICAN SYCAMORE,23,4,92,
1407,W,NORWOOD,302,,84,BLACK LOCUST,27,3.5,95,
1409,W,NORWOOD,302,,84,BLACK LOCUST,27,3.5,95,
1414,W,NORWOOD,302,,103,AMERICAN SYCAMORE,33,4,132,
1429,W,NORWOOD,302,,75,SILVER MAPLE,24,3,72,
1430,W,NORWOOD,302,,78,NORWAY MAPLE,25,4.5,113,
1435,W,NORWOOD,302,,87,SILVER MAPLE,28,3,84,
1437,W,NORWOOD,302,,80,AMERICAN SYCAMORE,25,4,100,
1443,W,NORWOOD,302,,121,SILVER MAPLE,39,3,117,
1448,W,NORWOOD,302,,108,AMERICAN SYCAMORE,34,4,136,
1455,W,NORWOOD,302,,102,AMERICAN SYCAMORE,32,4,128,
1500,W,NORWOOD,302,,108,BLACK LOCUST,34,3.5,119,
1504,W,NORWOOD,302,,82,AMERICAN SYCAMORE,26,4,104,
1509,W,NORWOOD,302,,83,SILVER MAPLE,26,3,78,
1512,W,NORWOOD,302,,110,SILVER MAPLE,35,3,105,
1519,W,NORWOOD,302,,123,SILVER MAPLE,39,3,117,
1523,W,NORWOOD,302,,82,NORWAY MAPLE,26,4.5,117,
1534,W,NORWOOD,302,,71,AMERICAN ELM,23,4,92,
1537,W,NORWOOD,302,,90,BLACK LOCUST,29,3.5,102,
1543,W,NORWOOD,302,,69,NORWAY MAPLE,22,4.5,99,
6145,N,LAKEWOOD,,,76,NORWAY MAPLE,24,4.5,108,
6157,N,LAKEWOOD,,,88,AMERICAN ELM,28,4,112,
6103,N,GLENWOOD,,,72,HONEY LOCUST,23,3,69,
6100,N,GREENVIEW,,,92,AMERICAN SYCAMORE,29,4,116,
6102,N,GREENVIEW,,,75,AMERICAN SYCAMORE,24,4,96,
6113,N,GREENVIEW,,,120,SILVER MAPLE,38,3,114,
6035,N,GREENVIEW,,,87,AMERICAN LINDEN,28,3,84,
6036,N,GREENVIEW,,,78,HONEY LOCUST,25,3,75,
6075,N,GREENVIEW,,,79,BLACK MAPLE,25,5,125,
6075,N,GREENVIEW,,,85,AMERICAN ELM,27,4,108,
6076,N,GREENVIEW,,,76,HONEY LOCUST,24,3,72,
6036,N,GLENWOOD,,,77,NORWAY MAPLE,25,4.5,113,
6036,N,GLENWOOD,,,54,LINDEN,17,3,51,
1401,W,GLENLAKE,,,98,SYCAMORE,31,4,124,SOUTH TREE ON GLENWOOD SIDE
1401,W,GLENLAKE,,,57,SYCAMORE,18,4,72,NORTH TREE ON GLENWOOD SIDE
6104,N,GLENWOOD,,,49,WHITE ASH,16,5,80,
6106,N,GLENWOOD,,,51,WHITE ASH,16,5,80,
6110,N,GLENWOOD,,,59,WHITE ASH,19,5,95,
1357,W,HOOD,,,49,NORWAY MAPLE,16,4.5,72,GLENWOOD SIDE
1401,W,HOOD,,,70,NORWAY MAPLE,22,4.5,99,GLENWOOD SIDE
1400,W,HOOD,,,110,SYCAMORE,35,4,140,GLENWOOD SIDE
6143,N,GLENWOOD,,,58,NORWAY MAPLE,18,4.5,81,
1355,W,GRANVILLE,,,61,LINDEN,19,3,57,GLENWOOD SIDE
BROKEN! NEEDS FIXING: 0,W,HIGHLAND,,,88,AMER ELM,28,4,112,SW CORNER OF GLENWOOD
BROKEN! NEEDS FIXING: 0,W,HIGHLAND,,,65,AMER ELM,20.7,4,83,SW CORNER OF GLENWOOD
1414,W,HIGHLAND,,,75,AMER SYC,23.9,4,96,
1422,W,HIGHLAND,,,113,SILVER MAPLE,36,3,108,
1428,W,HIGHLAND,,,69,SILVER MAPLE,22,3,66,
1432,W,HIGHLAND,,,81,SILVER MAPLE,25.8,3,77,
1438,W,HIGHLAND,,,113,SILVER MAPLE,36,3,108,
1442,W,HIGHLAND,,,62,NOR MAPLE,19.7,4.5,89,
1448,W,HIGHLAND,,,64,NOR MAPLE,20.4,4.5,92,
1456,W,HIGHLAND,,,94,AMER SYC,29.9,4,120,
1458,W,HIGHLAND,,,58,NOR MAPLE,18.5,4.5,83,
1500,W,HIGHLAND,,,71,HONEY LOCUST,22.6,3,68,
1502,W,HIGHLAND,,,76,SILV MAPLE,24.2,3,73,
1508,W,HIGHLAND,,,80,NOR MAPLE,25.5,4.5,115,
1510,W,HIGHLAND,,,69,AMER SYC,22,4,88,
1512,W,HIGHLAND,,,55,SILV MAPLE,17.5,3,53,
1516,W,HIGHLAND,,,65,SILV MAPLE,20.7,3,62,
1520,W,HIGHLAND,,,96,SILV MAPLE,30.6,3,92,
1526,W,HIGHLAND,,,78,AMER SYC,24.8,4,99,
1401,W,HIGHLAND,,,61,NOR MAPLE,19.4,4.5,87,
1421,W,HIGHLAND,,,93,AMER SYC,29.6,4,118,
1425,W,HIGHLAND,,,57,NOR MAPLE,18.2,4.5,82,
1427,W,HIGHLAND,,,80,HON LOCUST,25.5,3,76,
1437,W,HIGHLAND,,,70,NOR MAPLE,22.3,4.5,100,
1443,W,HIGHLAND,,,75,SILV MAPLE,23.9,3,72,
1447,W,HIGHLAND,,,54,NOR MAPLE,17.2,4.5,77,
1449,W,HIGHLAND,,,63,NOR MAPLE,20.1,4.5,90,
BROKEN! NEEDS FIXING: 0,W,HIGHLAND,,,60,NOR MAPLE,19.1,4.5,86,SE CORNER HIGHLAND & GREENVIEW
1501,W,HIGHLAND,,,57,HON LOCUST,18.2,3,54,
1519,W,HIGHLAND,,,74,SILV MAPLE,23.6,3,71,
1531,W,HIGHLAND,,,58,SILV MAPLE,18.5,3,55,
1533,W,HIGHLAND,,,54,SILV MAPLE,17.2,3,52,
1535,W,HIGHLAND,,,65,SILV MAPLE,20.7,3,62,
1539,W,HIGHLAND,,,107,SILV MAPLE,34.1,3,102,
1547,W,HIGHLAND,,,101,SILV MAPLE,32.2,3,96,
1532,W,HIGHLAND,,,62,SILV MAPLE,19.7,3,59,
1536,W,HIGHLAND,,,75,SILV MAPLE,23.9,3,72,
1540,W,HIGHLAND,,,72,AMER SYC,22.9,4,92,
1542,W,HIGHLAND,,,81,SILV MAPLE,25.8,3,77,
1550,W,HIGHLAND,,,80,SILV MAPLE,25.5,3,76,
BROKEN! NEEDS FIXING: 0,W,ROSEMONT,,,81,BASSWOOD,25.8,3,77,NW CORNER @BROADWAY
1248,W,ROSEMONT,,,77,AMER SYC,24.5,4,98,
1302,W,ROSEMONT,,,65,SIB ELM,20.7,2,41,
1306,W,ROSEMONT,,,78,AMER ELM,24.8,4,99,
1308,W,ROSEMONT,,,89,AMER ELM,28.3,4,113,
1316,W,ROSEMONT,,,73,AMER SYC,23.2,4,93,
1320,W,???,,,67,HONEY LOCUST,21.3,3,64,NE CORNER
1322,W,???,,,62,AMER SYC,19.7,4,79,NW CORNER
1324,W,ROSEMONT,,,67,AMER SYC,21.3,4,85,
1326,W,ROSEMONT,,,78,AMER SYC,24.8,4,99,
1400,W,ROSEMONT,,,75,AMER SYC,23.9,4,96,
1408,W,ROSEMONT,,,80,SILV MAPLE,25.5,3,76,
1416,W,ROSEMONT,,,79,SIB ELM,25.2,2,50,
1424,W,ROSEMONT,,,98,AMER ELM,31.2,4,125,
1426,W,ROSEMONT,,,54,LIT LINDEN,17.2,3,52,
1434,W,ROSEMONT,,,83,SILV MAPLE,26.4,3,79,
1436,W,ROSEMONT,,,66,NOR MAPLE,21,4.5,95,
1438,W,ROSEMONT,,,67,AMER SYC,21.3,4,85,
1440,W,ROSEMONT,,,97,AMER SYC,30.9,4,124,
1454,W,ROSEMONT,,,107,AMER SYC,34.1,4,136,
1500,W,ROSEMONT,,,72,NOR MAPLE,22.9,4.5,103,
1502,W,ROSEMONT,,,63,NOR MAPLE,20.1,4.5,90,
1506,W,ROSEMONT,,,91,AMER SYC,29,4,116,
1510,W,ROSEMONT,,,82,AMER SYC,26.1,4,104,
1520,W,ROSEMONT,,,86,SILV MAPLE,27.4,3,82,
1534,W,ROSEMONT,,,57,NOR MAPLE,18.2,4.5,82,
1536,W,ROSEMONT,,,69,NOR MAPLE,22,4.5,99,
1555,W,ROSEMONT,,,104,AMER ELM,33.1,4,132,
1531,W,ROSEMONT,,,82,SILV MAPLE,26.1,3,78,
1517,W,ROSEMONT,,,64,NOR MAPLE,20.4,4.5,92,
1501,W,ROSEMONT,,,102,AMER SYC,32.5,4,130,
1457,W,ROSEMONT,,,95,AMER ELM,30.3,4,121,
1453,W,ROSEMONT,,,104,SILV MAPLE,33.1,3,99,
1443,W,ROSEMONT,,,67,SILV MAPLE,21.3,3,64,
1441,W,ROSEMONT,,,91,SILV MAPLE,29,3,87,
1431,W,ROSEMONT,,,68,HON LOCUST,21.7,3,65,
1427,W,ROSEMONT,,,76,SILV MAPLE,24.2,3,73,
1421,W,ROSEMONT,,,72,SILV MAPLE,22.9,3,69,
1417,W,ROSEMONT,,,87,SILV MAPLE,27.7,3,83,
BROKEN! NEEDS FIXING: 0,W,ROSEMONT,,,82,NOR MAPLE,26.1,4.5,118,SW CORNER @ WAYNE
1401,W,ROSEMONT,,,57,HONEY LOCUST,18.2,3,54,
1311,W,ROSEMONT,,,127,SILV MAPLE,40.4,3,121,
BROKEN! NEEDS FIXING: 0,W,ROSEMONT,,,79,SILV MAPLE,25.2,3,75,1245? SE@LAKEWOOD
1243,W,ROSEMONT,,,77,SILV MAPLE,24.5,3,74,
1241,W,ROSEMONT,,,85,SILV MAPLE,27.1,3,81,
1414,W,THOME,,,70,SUG MAPLE,22.3,5.5,123,
1420,W,THOME,,,61,AMER SYC,19.4,4,78,
1424,W,THOME,,,66,NOR MAPLE,21,4.5,95,
1430,W,THOME,,,60,SILV MAPLE,19.1,3,57,
1434,W,THOME,,,99,SILV MAPLE,31.5,3,95,
1440,W,THOME,,,60,RIV BIRCH,19.1,3.5,67,
1452,W,THOME,,,71,AMER SYC,22.6,4,90,
BROKEN! NEEDS FIXING: 0,W,THOME,,,95,SILV MAPLE,30.3,3,91,NW CORNER GREENVIEW
1518,W,THOME,,,89,NO CATALPA,28.3,1.5,43,
1520,W,THOME,,,56,AMER SYC,17.8,4,71,
1522,W,THOME,,,77,AMER SYC,24.5,4,98,
1532,W,THOME,,,66,NOR MAPLE,21,4.5,95,
1536,W,THOME,,,60,NOR MAPLE,19.1,4.5,86,
1540,W,THOME,,,73,AMER SYC,23.2,4,93,
1542,W,THOME,,,97,SILV MAPLE,30.9,3,93,
BROKEN! NEEDS FIXING: 0,W,THOME,,,56,AMER ELM,17.8,4,71,SW CORNER 3RD TREE
1417,W,THOME,,,70,NOR MAPLE,22.3,4.5,100,
1423,W,THOME,,,48,BRAD PEAR,15.3,3,46,
1427,W,THOME,,,52,BRAD PEAR,16.6,3,50,
1433,W,THOME,,,70,NOR MAPLE,22.3,4.5,100,
1439,W,THOME,,,50,NOR MAPLE,15.9,4.5,72,
1441,W,THOME,,,87,SILV MAPLE,27.7,3,83,
1447,W,THOME,,,81,SILV MAPLE,25.8,3,77,
BROKEN! NEEDS FIXING: 0,W,THOME,,,63,AMER BASS,20.1,3,60,HAYT PARKING
BROKEN! NEEDS FIXING: 0,W,THOME,,,85,SIB ELM,27.1,2,54,HAYT PARKING
BROKEN! NEEDS FIXING: 0,W,THOME,,,74,SIB ELM,23.6,2,47,HAYT PARKING
BROKEN! NEEDS FIXING: 0,W,THOME,,,54,SIB ELM,17.2,2,34,HAYT PARKING
BROKEN! NEEDS FIXING: 0,W,THOME,,,73,SIB ELM,23.2,2,46,HAYT PARKING
6246,N,GREENVIEW,,,68,NOR MAPLE,21.7,4.5,97,
6258,N,GREENVIEW,,,102,SILV MAPLE,32.5,3,97,
6260,N,GREENVIEW,,,122,SILV MAPLE,38.9,3,117,
BROKEN! NEEDS FIXING: 0,N,GREENVIEW,,,64,NOR MAPLE,20.4,4.5,92,SW CORNER@ROSEMONT
BROKEN! NEEDS FIXING: 0,N,GREENVIEW,,,82,WHT ASH,26.1,5,131,NW CORNER@ ROSEMONT
BROKEN! NEEDS FIXING: 0,N,GREENVIEW,,,84,NOR MAPE,26.8,4.5,120,SW CORNER@HIGHLAND
BROKEN! NEEDS FIXING: 0,N,GREENVIEW,,,73,HON LOCUST,23.2,3,70,NW CORNER@ HIGHLAND
BROKEN! NEEDS FIXING: 0,N,GREENVIEW,,,68,HON LOCUST,21.7,3,65,NW CORNER-30 N OF HIGH
BROKEN! NEEDS FIXING: 0,N,GREENVIEW,,,71,HON LOCUST,22.6,3,68,NW CORNER 50' N HIGH
BROKEN! NEEDS FIXING: 0,N,GREENVIEW,,,82,SILV MAPLE,26.1,3,78,W @ALLEY HIGH/DEV
BROKEN! NEEDS FIXING: 0,N,GREENVIEW,,,74,SILV MAPLE,23.6,3,71,SW CORNER @ DEVON
BROKEN! NEEDS FIXING: 0,N,GREENVIEW,,,64,WHT ASH,20.4,5,102,SE CORNER @DEVON
BROKEN! NEEDS FIXING: 0,N,GREENVIEW,,,76,NOR MAPLE,24.2,4.5,109,NE CORNER@ROSEMONT
BROKEN! NEEDS FIXING: 0,N,GREENVIEW,,,70,HON LOUCST,22.3,3,66,SE CORNER @ ROSEMONT
BROKEN! NEEDS FIXING: 0,N,GREENVIEW,,,71,HON LOCUST,22.6,3,68,E @ ALLEY S OF ROSEMONT
BROKEN! NEEDS FIXING: 0,N,GREENVIEW,,,90,NOR MAPLE,28.7,4.5,129,E @ 60' N OF THOME
BROKEN! NEEDS FIXING: 0,N,GREENVIEW,,,61,AMER SYC,19.4,4,78,NE CORNER@THOME
BROKEN! NEEDS FIXING: 0,N,GREENVIEW,,,67,SILV MAPLE,21.3,3,64,SE CORNER@ THOME
BROKEN! NEEDS FIXING: 0,N,GREENVIEW,,,89,SILV MAPE,28.3,3,85,E-S @THOME
BROKEN! NEEDS FIXING: 0,N,GREENVIEW,,,69,SILV MAPLE,22,3,66,E@ALLEY S OF THOME
BROKEN! NEEDS FIXING: 0,N,GREENVIEW,,,90,SILV MAPLE,28.7,3,86,E@ALLEY S OF THOME
BROKEN! NEEDS FIXING: 0,N,GREENVIEW,,,107,SILV MAPLE,34.1,3,102,NE CORNER@GRANVILLE
BROKEN! NEEDS FIXING: 0,N,GREENVIEW,,,VERY BIG,SILV MAPLE,0,3,0,1500 ROSEMONT BACKYARD
6244,N,GLENWOOD,,,57,NOR MAPLE,18.2,4.5,82,
6254,N,GLENWOOD,,,65,NOR MAPLE,20.7,4.5,93,
6256,N,GLENWOOD,,,60,NOR MAPLE,19.1,4.5,86,
6302,N,GLENWOOD,,,85,SILV MAPLE,27.1,3,81,
6312,N,GLENWOOD,,,60,SILV MAPLE,19.1,3,57,
6316,N,GLENWOOD,,,48,HON LOCUST,15.3,3,46,
BROKEN! NEEDS FIXING: 0,N,GLENWOOD,,,53,NOR MAPLE,16.9,4.5,76,SW CORN@HIGHLAND
BROKEN! NEEDS FIXING: 0,N,GLENWOOD,,,71,HON LOCUST,22.6,3,68,NW CORN
6322,N,GLENWOOD,,,102,SIB ELM,32.5,2,65,
6322,N,GLENWOOD,,,119,SIB ELM,37.9,2,76,
6336,N,GLENWOOD,,,48,AMER SYC,15.3,4,60,
6340,N,GLENWOOD,,,98,SILV MAPLE,31.2,3,94,
6342,N,GLENWOOD,,,72,SILV MAPLE,22.9,3,69,
6215,N,GLENWOOD,,,61,NOR MAPLE,19.4,4.5,87,
6221,N,GLENWOOD,,,75,AMER SYC,23.9,4,96,
6239,N,GLENWOOD,,,104,AMER SYC,33.1,4,132,
6247,N,GLENWOOD,,,69,NOR MAPLE,22,4.5,99,
6249,N,GLENWOOD,,,66,NOR MAPLE,21,4.5,95,
6253,N,GLENWOOD,,,47,NOR MAPLE,15,4.5,67,
BROKEN! NEEDS FIXING: 0,N,GLENWOOD,,,63,NOR MAPLE,20.1,4.5,90,SE CORNER @ROSEMONT
BROKEN! NEEDS FIXING: 0,N,GLENWOOD,,,61,HON LOCUST,19.4,3,58,NE CORNER @ROSEMONT
6305,N,GLENWOOD,,,52,HON LOCUST,16.6,3,50,
6311,N,GLENWOOD,,,68,HON LOCUST,21.7,3,65,
6315,N,GLENWOOD,,,65,LIT LF LINDEN,20.7,3,62,
6317,N,GLENWOOD,,,67,LIT LF LINDEN,21.3,3,64,
6321,N,GLENWOOD,,,87,SIB ELM,27.7,2,55,
6337,N,GLENWOOD,,,50,WHT ASH,15.9,5,80,
6339,N,GLENWOOD,,,62,WHT ASH,19.7,5,99,
6341,N,GLENWOOD,,,76,AMER SYC,24.2,4,97,
6351,N,GLENWOOD,,,51,NOR MAPLE,16.2,4.5,73,
6353,N,GLENWOOD,,,64,WHT ASH,20.4,5,102,
6206,N,WAYNE,,,65,NOR MAPLE,20.7,4.5,93,
6220,N,WAYNE,,,86,AMER SYC,27.4,4,110,
6222,N,WAYNE,,,69,WHT ASH,22,5,110,
6230,N,WAYNE,,,85,AMER SYC,27.1,4,108,
6236,N,WAYNE,,,80,HON LOCUST,25.5,3,76,
6236,N,WAYNE,,,81,HON LOCUST,25.8,3,77,
6246,N,WAYNE,,,59,AMER SYC,18.8,4,75,
6248,N,WAYNE,,,63,AMER SYC,20.1,4,80,
6250,N,WAYNE,,,63,AMER SYC,20.1,4,80,
6256,N,WAYNE,,,70,AMER SYC,22.3,4,89,
6304,N,WAYNE,,,67,AMER SYC,21.3,4,85,
6306,N,WAYNE,,,60,NOR MAPLE,19.1,4.5,86,
6312,N,WAYNE,,,62,NOR MAPLE,19.7,4.5,89,
6316,N,WAYNE,,,58,RIVER BIRCH,18.5,3.5,65,
6322,N,WAYNE,,,89,AMER ELM,28.3,4,113,
6330,N,WAYNE,,,95,AMER SYC,30.3,4,121,
6334,N,WAYNE,,,69,AMER SYC,22,4,88,
6342,N,WAYNE,,,70,NOR MAPLE,22.3,4.5,99,
6201,N,WAYNE,,,89,SIB ELM,28.3,2,57,
6215,N,WAYNE,,,85,AMER SYC,27.1,4,108,
6219,N,WAYNE,,,81,CATALPA,25.8,1.5,39,
6221,N,WAYNE,,,98,AMER SYC,31.2,4,125,
6233,N,WAYNE,,,91,SIB ELM,29,2,58,
6237,N,WAYNE,,,66,HON LOCUST,21,3,63,
6237,N,WAYNE,,,68,HON LOCUST,21.7,3,65,
6247,N,WAYNE,,,68,NOR MAPLE,21.7,4.5,97,
6247,N,WAYNE,,,154,E COTTONWOOD,49,2,98,
6257,N,WAYNE,,,60,AMER SYC,19.1,4,76,
6257,N,WAYNE,,,97,AMER SYC,30.9,4,124,
6301,N,WAYNE,,,64,AMER SYC,20.4,4,82,
6303,N,WAYNE,,,59,AMER SYC,18.8,4,75,
6311,N,WAYNE,,,78,HON LOCUST,24.8,3,75,
6313,N,WAYNE,,,70,HON LOCUST,22.3,3,67,
6331,N,WAYNE,,,75,AMER SYC,23.9,4,96,
6333,N,WAYNE,,,85,CATALPA,27.1,1.5,41,
6343,N,WAYNE,,,58,NOR MAPLE,18.5,4.5,83,
6202,N,LAKEWOOD,,,70,NO CATALPA,22.3,3.5,78,
6214,N,LAKEWOOD,,,64,SILV MAPLE,20.4,3,61,
6218,N,LAKEWOOD,,,65,NOR MAPLE,20.7,4.5,93,
6222,N,LAKEWOOD,,,67,AMER SYC,21.3,4,85,
6222,N,LAKEWOOD,,,86,AMER SYC,27.4,4,110,
6226,N,LAKEWOOD,,,99,AMER SYC,31.5,4,126,
6240,N,LAKEWOOD,,,69,AMER SYC,22,4,88,
6242,N,LAKEWOOD,,,81,AMER SYC,25.8,4,103,
6248,N,LAKEWOOD,,,86,AMER SYC,27.4,4,110,
6250,N,LAKEWOOD,,,65,NOR MAPLE,20.7,4.5,93,
6252,N,LAKEWOOD,,,79,AMER SYC,25.2,4,101,
6256,N,LAKEWOOD,,,58,NOR MAPLE,18.5,4.5,83,
6306,N,LAKEWOOD,,,55,NOR MAPLE,17.5,4.5,79,
6308,N,LAKEWOOD,,,59,NOR MAPLE,18.8,4.5,85,
6212,N,LAKEWOOD,,,63,NOR MAPLE,20.1,4.5,90,
6314,N,LAKEWOOD,,,62,NOR MAPLE,19.7,4.5,89,
6320,N,LAKEWOOD,,,72,SIB ELM,22.9,2,46,
6322,N,LAKEWOOD,,,57,NOR MAPLE,18.2,4.5,82,
6326,N,LAKEWOOD,,,73,AMER ELM,23.2,4,93,
6330,N,LAKEWOOD,,,63,NOR MAPLE,20.1,4.5,90,
6338,N,LAKEWOOD,,,66,HON LOCUST,21,3,63,
BROKEN! NEEDS FIXING: 0,N,LAKEWOOD,,,66,HON LOCUST,21,3,63,POCKET PARK- ROW
BROKEN! NEEDS FIXING: 0,N,LAKEWOOD,,,89,HON LOCUST,28.3,3,85,POCKET PARK- ROW
6344,N,LAKEWOOD,,,73,SIB ELM,23.2,2,46,
BROKEN! NEEDS FIXING: 0,N,LAKEWOOD,,,68,HON LOCUST,21.7,3,65,6200 NE CORNER SIDE YARD
BROKEN! NEEDS FIXING: 0,N,LAKEWOOD,,,67,SIB ELM,21.3,2,43,6200 NE CORNER SIDE YARD
6217,N,LAKEWOOD,,,81,AMER LIND,25.8,3,77,
6221,N,LAKEWOOD,,,78,HON LOCUST,24.8,3,75,
6223,N,LAKEWOOD,,,70,HON LOCUST,22.3,3,67,
6227,N,LAKEWOOD,,,74,HON LOCUST,23.6,3,71,
6231,N,LAKEWOOD,,,81,HON LOCUST,25.8,3,77,
6237,N,LAKEWOOD,,,90,SILV MAPLE,28.7,3,86,
6241,N,LAKEWOOD,,,64,NOR MAPLE,20.4,4.5,92,
6247,N,LAKEWOOD,,,71,GR ASH,22.6,4,90,
6253,N,LAKEWOOD,,,74,DEAD TREE,23.6,3,71,
6307,N,LAKEWOOD,,,73,SIB ELM,23.2,2,46,
6315,N,LAKEWOOD,,,54,NOR MAPLE,17.2,4.5,77,
6319,N,LAKEWOOD,,,65,AMER SYC,20.7,4,83,
6321,N,LAKEWOOD,,,67,AMER LIND,21.3,3,64,
6325,N,LAKEWOOD,,,55,HON LOCUST,17.5,3,53,
6331,N,LAKEWOOD,,,57,NOR MAPLE,18.2,4.5,82,
6333,N,LAKEWOOD,,,63,AMER SYC,20.1,4,80,
6335,N,LAKEWOOD,,,58,NOR MAPLE,18.5,4.5,83,
6337,N,LAKEWOOD,,,72,HON LOCUST,22.9,3,69,
6343,N,LAKEWOOD,,,51,NOR MAPLE,16.2,4.5,73,
6347,N,LAKEWOOD,,,72,NOR MAPLE,22.9,4.5,103,
6218,N,MAGNOLIA,,,90,SIB ELM,28.7,2,57,
6220,N,MAGNOLIA,,,65,HON LOUCST,20.7,3,62,
6232,N,MAGNOLIA,,,89,WHT ASH,28.3,5,142,
6236,N,MAGNOLIA,,,77,SILV MAPLE,24.5,3,74,
6238,N,MAGNOLIA,,,108,SILV MAPLE,34.4,3,103,
6240,N,MAGNOLIA,,,65,BLK MAPLE,20.7,5,104,
6310,N,MAGNOLIA,,,88,AMER BASS,28,3,84,
6312,N,MAGNOLIA,,,81,AMER BASS,25.8,3,77,
6322,N,MAGNOLIA,,,78,AMER SYC,24.8,4,99,
6324,N,MAGNOLIA,,,65,NOR MAPLE,20.7,4.5,93,
6328,N,MAGNOLIA,,,73,NOR MAPLE,23.2,4.5,105,
6334,N,MAGNOLIA,,,88,AMER SYC,28,4,112,
6336,N,MAGNOLIA,,,64,AMER BASS,20.4,3,61,
6340,N,MAGNOLIA,,,106,AMER SYC,33.8,4,135,
6342,N,MAGNOLIA,,,81,NOR MAPLE,25.8,4.5,116,
6219,N,MAGNOLIA,,,64,NOR MAPLE,20.4,4.5,92,
6221,N,MAGNOLIA,,,68,NOR MAPLE,21.7,4.5,97,
6231,N,MAGNOLIA,,,73,NOR MAPLE,23.2,4.5,105,
6237,N,MAGNOLIA,,,67,NOR MAPLE,21.3,4.5,96,
6243,N,MAGNOLIA,,,69,AMER BASS,22,3,66,
6309,N,MAGNOLIA,,,88,AMER SYC,28,4,112,
6313,N,MAGNOLIA,,,71,NOR MAPLE,22.6,4.5,102,
6315,N,MAGNOLIA,,,71,AMER SYC,22.6,4,90,
6323,N,MAGNOLIA,,,78,SILV MAPLE,24.8,3,75,
6331,N,MAGNOLIA,,,71,AMER SYC,22.6,4,90,
1214,W,GRANVILLE,,,83,NOR MAPLE,26.4,4.5,119,
1218,W,GRANVILLE,,,112,NOR MAPLE,35.7,4.5,161,
BROKEN! NEEDS FIXING: 0,W,GRANVILLE,,,61,AMER SYC,19.4,4,78,N@BARR PARKING
1240,W,GRANVILLE,,,63,NOR MAPLE,20.1,4.5,90,
1248,W,GRANVILLE,,,75,SILV MAPLE,23.9,3,72,
1256,W,GRANVILLE,,,134,SIB ELM,42.7,2,85,
1310,W,GRANVILLE,,,67,NOR MAPLE,21.3,4.5,96,
1310,W,GRANVILLE,,,94,SIB ELAM,29.9,2,60,
1316,W,GRANVILLE,,,72,AMER SYC,22.9,4,92,
BROKEN! NEEDS FIXING: 0,W,GRANVILLE,,,114,SIB ELM,36.3,2,73,NE@WAYNE
1336,W,GRANVILLE,,,80,NO CATALPA,25.5,1.5,38,
1340,W,GRANVILLE,,,86,NOR MAPLE,27.4,4.5,123,
1346,W,GRANVILLE,,,65,HON LOCUST,20.7,3,62,
1350,W,GRANVILLE,,,55,SILV MAPLE,17.5,3,53,
1352,W,GRANVILLE,,,85,LIT LINDEN,27.1,3,81,
1356,W,GRANVILLE,,,67,LIT LINDEN,21.3,3,64,
BROKEN! NEEDS FIXING: 0,W,GRANVILLE,,,72,NOR MAPLE,22.9,4.5,103,NW@GLENWOOD
1404,W,GRANVILLE,,,61,NOR MAPLE,19.4,4.5,87,
1420,W,GRANVILLE,,,53,NOR MAPLE,16.9,4.5,76,
1424,W,GRANVILLE,,,57,AMER SYC,18.2,4,73,
1426,W,GRANVILLE,,,62,AMER SYC,19.7,4,79,
1430,W,GRANVILLE,,,60,GR ASH,19.1,4,76,
1432,W,GRANVILLE,,,59,NOR MAPLE,18.8,4.5,85,
1436,W,GRANVILLE,,,58,NOR MAPLE,18.5,4.5,83,
1444,W,GRANVILLE,,,61,NOR MAPLE,19.4,4.5,87,
1450,W,GRANVILLE,,,61,NOR MAPLE,19.4,4.5,87,
1452,W,GRANVILLE,,,53,NOR MAPLE,16.9,4.5,76,
1456,W,GRANVILLE,,,87,SILV MAPLE,27.7,3,83,
1456,W,GRANVILLE,,,84,SILV MAPLE,26.8,3,80,
1510,W,GRANVILLE,,,67,HON LOCUST,21.3,3,64,
1520,W,GRANVILLE,,,61,HON LOCUST,19.4,3,58,
1524,W,GRANVILLE,,,54,SILV MAPLE,17.2,3,52,
1526,W,GRANVILLE,,,54,HON LOCUST,17.2,3,52,
BROKEN! NEEDS FIXING: 6200,N,BROADWAY,,,,,,,,NO SIZE HERITAGE TREES
BROKEN! NEEDS FIXING: 6300,N,BROADWAY,,,,,,,,NO SIZE HERITAGE TREES
6309,N,CLARK,,,68,AMER ELM,21.7,4,87,
6339,N,CLARK,,,91,AMER ELM,29,4,116,
BROKEN! NEEDS FIXING: 1200,N,DEVON,,,,,,,,NO HERTITAGE SIZE TREES
BROKEN! NEEDS FIXING: 1300,N,DEVON,,,,,,,,NO HERITAGE SIZE TREES
BROKEN! NEEDS FIXING: 1400,N,DEVON,,,,,,,,NO HERITAGE SIZE TREES
BROKEN! NEEDS FIXING: 1500,N,DEVON,,,,,,,,NO HERITAGE SIZE TREES
1244,W,BRYN MAWR,,,72,GREEN ASH,22.9,5,115,
1260,W,BRYN MAWR,,,59,NORWAY MAPLE,18.8,4.5,85,
1300,W,BRYN MAWR,,,143,WHITE MULBERRY,45.5,2.3,105,
BROKEN! NEEDS FIXING: 1302,W,BRYN MAWR,,,77,AMERICAN BASSWEED,24.5,,0,
1304,W,BRYN MAWR,,,68,CATALPA,21.7,2,43,
1310,W,BRYN MAWR,,,114,SIVER MAPLE,36.3,3,109,
1332,W,BRYN MAWR,,,67,SYCAMORE,21.3,4,85,
BROKEN! NEEDS FIXING: ,W,BRYN MAWR,,,83,SIBERIAN ELM,26.4,2,53,
1354,W,BRYN MAWR,,,75,SILVER MAPLE,23.9,3,72,
1412,W,BRYN MAWR,,,129,SILVER MAPLE,41.1,3,123,
1416,W,BRYN MAWR,,,65,SILVER MAPLE,20.7,3,62,
1420,W,BRYN MAWR,,,67,HONEY LOCUST,21.3,3,64,
1422,W,BRYN MAWR,,,88,HONEY LOCUST,28.0,3,84,
BROKEN! NEEDS FIXING: 1434,W,BRYN MAWR,,,79,HACKBERRY,25.2,,0,
1446,W,BRYN MAWR,,,66,SIBERIAN ELM,21.0,2,42,
1448,W,BRYN MAWR,,,87,HONEY LOCUST,27.7,3,83,
1454,W,BRYN MAWR,,,64,HONEY LOCUST,20.4,3,61,
1458,W,BRYN MAWR,,,70,HONEY LOCUST,22.3,3,67,
1502,W,BRYN MAWR,,,85,HONEY LOCUST,27.1,3,81,
BROKEN! NEEDS FIXING: 1506,W,BRYN MAWR,,,69,,22.0,2,44,
1416,W,OLIVE,,,83,HONEY LOCUST,26.4,3,79,
1416,W,OLIVE,,,58,NORWAY MAPLE,18.5,4.5,83,
1440,W,OLIVE,,,55,NORWAY MAPLE,17.5,4.5,79,
1448,W,OLIVE,,,59,NORWAY MAPLE,18.8,4.5,85,
1450,W,OLIVE,,,58,NORWAY MAPLE,18.5,4.5,83,
1464,W,OLIVE,,,57,NORWAY MAPLE,18.2,4.5,82,
1504,W,OLIVE,,,89,SILVER MAPLE,28.3,3,85,
1512,W,OLIVE,,,59,SILVER MAPLE,18.8,3,56,
1520,W,OLIVE,,,58,GREEN ASH,18.5,5,93,
1519,W,OLIVE,,,78,SILVER MAPLE,24.8,3,74,
1505,W,OLIVE,,,61,NORWAY MAPLE,19.4,4.5,87,
1461,W,OLIVE,,,61,NORWAY MAPLE,19.4,4.5,87,
1453,W,OLIVE,,,83,HONEY LOCUST,26.4,3,79,
1447,W,OLIVE,,,61,NORWAY MAPLE,19.4,4.5,87,
1419,W,OLIVE,,,76,HONEY LOCUST,24.2,3,73,
1415,W,OLIVE,,,53,NORWAY MAPLE,16.9,4.5,76,
1437,W,HOLLYWOOD,,,91,HONEY LOCUST,29.0,3,87,
1431,W,HOLLYWOOD,,,64,HONEY LOCUST,20.4,3,61,
1429,W,HOLLYWOOD,,,91,SILVER MAPLE,29.0,3,87,
1425,W,HOLLYWOOD,,,96,SILVER MAPLE,30.6,3,92,
1423,W,HOLLYWOOD,,,90,SIBERIAN ELM,28.7,2,57,
1419,W,HOLLYWOOD,,,67,HONEY LOCUST,21.3,3,64,
1411,W,HOLLYWOOD,,,71,HONEY LOCUST,22.6,3,68,
1407,W,HOLLYWOOD,,,82,SILVER MAPLE,26.1,3,78,
1401,W,HOLLYWOOD,,,60,OAK,19.1,2,38,
1343,W,HOLLYWOOD,,,75,HONEY LOCUST,23.9,3,72,
1341,W,HOLLYWOOD,,,82,HONEY LOCUST,26.1,3,78,
1331,W,HOLLYWOOD,,,97,SILVER MAPLE,30.9,3,93,
1321,W,HOLLYWOOD,,,49,GREEN ASH,15.6,5,78,
1315,W,HOLLYWOOD,,,75,SIBERIAN ELM,23.9,2,48,
1316,W,HOLLYWOOD,,,105,SILVER MAPLE,33.4,3,100,
1318,W,HOLLYWOOD,,,94,SILVER MAPLE,29.9,3,90,
1320,W,HOLLYWOOD,,,76,SILVER MAPLE,24.2,3,73,
BROKEN! NEEDS FIXING: 1330,W,HOLLYWOOD,,,58,UNIDENTIFIABLE,18.5,,0,
1338,W,HOLLYWOOD,,,65,GREEN ASH,20.7,5,104,
1340,W,HOLLYWOOD,,,59,GREEN ASH,18.8,5,94,
1404,W,HOLLYWOOD,,,90,SILVER MAPLE,28.7,3,86,
1420,W,HOLLYWOOD,,,82,HONEY LOCUST,26.1,3,78,
1436,W,HOLLYWOOD,,,63,HONEY LOCUST,20.1,3,60,
1438,W,HOLLYWOOD,,,75,HONEY LOCUST,23.9,3,72,
1438,W,HOLLYWOOD,,,103,HONEY LOCUST,32.8,3,98,
1444,W,HOLLYWOOD,,,75,HONEY LOCUST,23.9,3,72,
1448,W,HOLLYWOOD,,,77,HONEY LOCUST,24.5,3,74,
1454,W,HOLLYWOOD,,,80,HONEY LOCUST,25.5,3,77,
BROKEN! NEEDS FIXING: 1458,W,HOLLYWOOD,,,59,AMERICAN BASSWEED,18.8,,0,
1500,W,HOLLYWOOD,,,72,HONEY LOCUST,22.9,3,69,
1506,W,HOLLYWOOD,,,60,SILVER MAPLE,19.1,3,57,
1512,W,HOLLYWOOD,,,99,HONEY LOCUST,31.5,3,95,
1520,W,HOLLYWOOD,,,95,HONEY LOCUST,30.3,3,91,
1522,W,HOLLYWOOD,,,99,HONEY LOCUST,31.5,3,95,
1525,W,HOLLYWOOD,,,60,NORWAY MAPLE,19.1,4.5,86,
1517,W,HOLLYWOOD,,,92,HONEY LOCUST,29.3,3,88,
BROKEN! NEEDS FIXING: 1513,W,HOLLYWOOD,,,59,AMERICAN BASSWEED,18.8,,0,
1501,W,HOLLYWOOD,,,84,HONEY LOCUST,26.8,3,80,
1465,W,HOLLYWOOD,,,68,HONEY LOCUST,21.7,3,65,
1459,W,HOLLYWOOD,,,65,HONEY LOCUST,20.7,3,62,
1455,W,HOLLYWOOD,,,73,HONEY LOCUST,23.2,3,70,
1443,W,HOLLYWOOD,,,80,HONEY LOCUST,25.5,3,77,
1441,W,HOLLYWOOD,,,87,HONEY LOCUST,27.7,3,83,
1400,W,EDGEWATER,,,62,SILVER MAPLE,19.7,3,59,
1404,W,EDGEWATER,,,84,SILVER MAPLE,26.8,3,80,
1416,W,EDGEWATER,,,120,SILVER MAPLE,38.2,3,115,
1420,W,EDGEWATER,,,65,SILVER MAPLE,20.7,3,62,
1422,W,EDGEWATER,,,86,SILVER MAPLE,27.4,3,82,
1426,W,EDGEWATER,,,124,SIBERIAN ELM,39.5,2,79,
1430,W,EDGEWATER,,,102,SILVER MAPLE,32.5,3,98,
1440,W,EDGEWATER,,,104,SILVER MAPLE,33.1,3,99,
1442,W,EDGEWATER,,,95,SILVER MAPLE,30.3,3,91,
1448,W,EDGEWATER,,,80,HONEY LOCUST,25.5,3,77,
1452,W,EDGEWATER,,,82,SILVER MAPLE,26.1,3,78,
1458,W,EDGEWATER,,,81,CATALPA,25.8,2,52,
1420,W,EDGEWATER,,,65,SILVER MAPLE,20.7,3,62,
1422,W,EDGEWATER,,,86,SILVER MAPLE,27.4,3,82,
1426,W,EDGEWATER,,,124,SIBERIAN ELM,39.5,2,79,
1430,W,EDGEWATER,,,102,SILVER MAPLE,32.5,3,98,
1440,W,EDGEWATER,,,104,SILVER MAPLE,33.1,3,99,
1442,W,EDGEWATER,,,95,SILVER MAPLE,30.3,3,91,
1448,W,EDGEWATER,,,80,HONEY LOCUST,25.5,3,77,
1452,W,EDGEWATER,,,82,SILVER MAPLE,26.1,3,78,
1458,W,EDGEWATER,,,81,CATALPA,25.8,2,52,
1462,W,EDGEWATER,,,92,SILVER MAPLE,29.3,3,88,
1500,W,EDGEWATER,,,73,SILVER MAPLE,23.2,3,70,
1502,W,EDGEWATER,,,75,AMERICAN ELM,23.9,4,96,
1514,W,EDGEWATER,,,90,CATALPA,28.7,2,57,
1516,W,EDGEWATER,,,75,HONEY LOCUST,23.9,3,72,
1556,W,EDGEWATER,,,93,SIBERIAN ELM,29.6,2,59,
1560,W,EDGEWATER,,,76,SILVER MAPLE,24.2,3,73,
1525,W,EDGEWATER,,,91,HONEY LOCUST,29.0,3,87,
1523,W,EDGEWATER,,,64,HONEY LOCUST,20.4,3,61,
1511,W,EDGEWATER,,,64,HONEY LOCUST,20.4,3,61,
1509,W,EDGEWATER,,,64,SILVER MAPLE,20.4,3,61,
1507,W,EDGEWATER,,,107,SILVER MAPLE,34.1,3,102,
1501,W,EDGEWATER,,,99,SILVER MAPLE,31.5,3,95,
1457,W,EDGEWATER,,,65,HONEY LOCUST,20.7,3,62,
1449,W,EDGEWATER,,,94,HONEY LOCUST,29.9,3,90,
1447,W,EDGEWATER,,,83,HONEY LOCUST,26.4,3,79,
1439,W,EDGEWATER,,,98,HONEY LOCUST,31.2,3,94,
1437,W,EDGEWATER,,,65,SIBERIAN ELM,20.7,2,41,
1435,W,EDGEWATER,,,75,SILVER MAPLE,23.9,3,72,
1433,W,EDGEWATER,,,75,SILVER MAPLE,23.9,3,72,
1431,W,EDGEWATER,,,56,HONEY LOCUST,17.8,3,53,
1423,W,EDGEWATER,,,89,CATALPA,28.3,2,57,
1421,W,EDGEWATER,,,65,HONEY LOCUST,20.7,3,62,
1419,W,EDGEWATER,,,64,HONEY LOCUST,20.4,3,61,
1415,W,EDGEWATER,,,70,HONEY LOCUST,22.3,3,67,
1405,W,EDGEWATER,,,91,SILVER MAPLE,29.0,3,87,
1436,W,VICTORIA,,,84,HONEY LOCUST,26.8,3,80,
1442,W,VICTORIA,,,97,HONEY LOCUST,30.9,3,93,
1454,W,VICTORIA,,,65,HONEY LOCUST,20.7,3,62,
1458,W,VICTORIA,,,76,HONEY LOCUST,24.2,3,73,
1462,W,VICTORIA,,,61,HONEY LOCUST,19.4,3,58,
BROKEN! NEEDS FIXING: 1464,W,VICTORIA,,,85,COMMON LIME,27.1,,0,
1504,W,VICTORIA,,,68,HONEY LOCUST,21.7,3,65,
1512,W,VICTORIA,,,137,SIBERIAN ELM,43.6,2,87,
1522,W,VICTORIA,,,67,HONEY LOCUST,21.3,3,64,
1532,W,VICTORIA,,,68,GREEN ASH,21.7,5,109,
1536,W,VICTORIA,,,56,NORWAY MAPLE,17.8,4.5,80,
1544,W,VICTORIA,,,74,HONEY LOCUST,23.6,3,71,
1552,W,VICTORIA,,,76,SILVER MAPLE,24.2,3,73,
1531,W,VICTORIA,,,81,HONEY LOCUST,25.8,3,77,
1529,W,VICTORIA,,,78,HONEY LOCUST,24.8,3,74,
1523,W,VICTORIA,,,74,HONEY LOCUST,23.6,3,71,
1513,W,VICTORIA,,,88,HONEY LOCUST,28.0,3,84,
1505,W,VICTORIA,,,89,HONEY LOCUST,28.3,3,85,
1503,W,VICTORIA,,,64,HONEY LOCUST,20.4,3,61,
1463,W,VICTORIA,,,71,SILVER MAPLE,22.6,3,68,
1461,W,VICTORIA,,,106,SILVER MAPLE,33.8,3,101,
1453,W,VICTORIA,,,63,HONEY LOCUST,20.1,3,60,
1451,W,VICTORIA,,,65,HONEY LOCUST,20.7,3,62,
1447,W,VICTORIA,,,116,SILVER MAPLE,36.9,3,111,
1445,W,VICTORIA,,,99,SILVER MAPLE,31.5,3,95,
1439,W,VICTORIA,,,86,HONEY LOCUST,27.4,3,82,
1433,W,VICTORIA,,,80,SILVER MAPLE,25.5,3,77,
1431,W,VICTORIA,,,73,HONEY LOCUST,23.2,3,70,
1429,W,VICTORIA,,,57,HONEY LOCUST,18.2,3,55,
1516,W,ARDMORE,,,95,SILVER MAPLE,30.3,3,91,
1526,W,ARDMORE,,,66,SIBERIAN ELM,21.0,2,42,
1544,W,ARDMORE,,,79,SILVER MAPLE,25.2,3,76,
1537,W,ARDMORE,,,61,SILVER MAPLE,19.4,3,58,
1531,W,ARDMORE,,,83,CATALPA,26.4,2,53,
1529,W,ARDMORE,,,67,SILVER MAPLE,21.3,3,64,
1517,W,ARDMORE,,,83,HONEY LOCUST,26.4,3,79,
1515,W,ARDMORE,,,59,HONEY LOCUST,18.8,3,56,
1507,W,ARDMORE,,,62,HONEY LOCUST,19.7,3,59,
1503,W,ARDMORE,,,67,HONEY LOCUST,21.3,3,64,
1501,W,ARDMORE,,,76,SILVER MAPLE,24.2,3,73,
5718,N,GLENWOOD,,,79,SILVER MAPLE,25.2,3,76,
5708,N,GLENWOOD,,,74,SILVER MAPLE,23.6,3,71,
BROKEN! NEEDS FIXING: 5706,N,GLENWOOD,,,114,,36.3,4,145,
5704,N,GLENWOOD,,,68,HONEY LOCUST,21.7,3,65,
5644,N,GLENWOOD,,,116,SIBERIAN ELM,36.9,2,74,
5636,N,GLENWOOD,,,58,SIBERIAN ELM,18.5,2,37,
5630,N,GLENWOOD,,,98,SILVER MAPLE,31.2,3,94,
5620,N,GLENWOOD,,,89,SILVER MAPLE,28.3,3,85,
5618,N,GLENWOOD,,,101,SILVER MAPLE,32.2,3,97,
5609,N,GLENWOOD,,,56,NORWAY MAPLE,17.8,4.5,80,
5621,N,GLENWOOD,,,75,SILVER MAPLE,23.9,3,72,
5637,N,GLENWOOD,,,82,HONEY LOCUST,26.1,3,78,
5645,N,GLENWOOD,,,72,HONEY LOCUST,22.9,3,69,
5647,N,GLENWOOD,,,84,HONEY LOCUST,26.8,3,80,
5651,N,GLENWOOD,,,83,SILVER MAPLE,26.4,3,79,
5655,N,GLENWOOD,,,110,SILVER MAPLE,35.0,3,105,
5709,N,GLENWOOD,,,55,HONEY LOCUST,17.5,3,53,
5711,N,GLENWOOD,,,64,HONEY LOCUST,20.4,3,61,
BROKEN! NEEDS FIXING: 5715,N,GLENWOOD,,,82,AMERICAN BASSWEED,26.1,,0,
BROKEN! NEEDS FIXING: 5717,N,GLENWOOD,,,58,AMERICAN BASSWEED,18.5,,0,
5702,N,WAYNE,,,98,SILVER MAPLE,31.2,3,94,
5654,N,WAYNE,,,82,SIBERIAN ELM,26.1,2,52,
BROKEN! NEEDS FIXING: 5652,N,WAYNE,,,86,,27.4,4,110,
BROKEN! NEEDS FIXING: 5644,N,WAYNE,,,126,AMERICAN BASSWEED,40.1,,0,
5642,N,WAYNE,,,56,NORWAY MAPLE,17.8,4.5,80,
5634,N,WAYNE,,,124,SILVER MAPLE,39.5,3,119,
5632,N,WAYNE,,,84,NORWAY MAPLE,26.8,4.5,121,
5622,N,WAYNE,,,65,NORWAY MAPLE,20.7,4.5,93,
5620,N,WAYNE,,,71,CATALPA,22.6,2,45,
5614,N,WAYNE,,,69,GREEN ASH,22.0,5,110,
BROKEN! NEEDS FIXING: 5612,N,WAYNE,,,73,TREE OF HEN,23.2,,0,
5610,N,WAYNE,,,73,SILVER MAPLE,23.2,3,70,
5619,N,WAYNE,,,89,SILVER MAPLE,28.3,3,85,
5621,N,WAYNE,,,63,SILVER MAPLE,20.1,3,60,
5627,N,WAYNE,,,90,SILVER MAPLE,28.7,3,86,
5629,N,WAYNE,,,79,SILVER MAPLE,25.2,3,76,
5643,N,WAYNE,,,117,SILVER MAPLE,37.3,3,112,
5657,N,WAYNE,,,98,SILVER MAPLE,31.2,3,94,
5772,N,RIDGE,,,69,HONEY LOCUST,22.0,3,66,
1318,W,CATALPA,,,62,NORWAY MAPLE,20,4.5,89,W OF ALLEY,
1318,W,CATALPA,,,59.5,NORWAY MAPLE,19,4.5,85,NE CORNER,
5507,N,WAYNE,,,109.5,AMERICAN ELM,35,4,139,,
5515,N,WAYNE,,,87.5,HONEY LOCUST,28,3,84,,
5517,N,WAYNE,,,100,HONEY LOCUST,32,3,96,,
5521,N,WAYNE,,,107,HONEY LOCUST,34,3,102,,
5527,N,WAYNE,,,81,HONEY LOCUST,26,3,77,,
5531,N,WAYNE,,,91,HONEY LOCUST,29,3,87,,
5539,N,WAYNE,,,87,HONEY LOCUST,28,3,83,,
5539,N,WAYNE,,,72,HONEY LOCUST,23,3,69,,
5545,N,WAYNE,,,94,HONEY LOCUST,30,3,90,,
5553,N,WAYNE,,,86,HONEY LOCUST,27,3,82,,
5557,N,WAYNE,,,95,HONEY LOCUST,30,3,91,,
5556,N,WAYNE,,,89.5,HONEY LOCUST,29,3,86,,
5534,N,WAYNE,,,57,SILVER MAPLE,18,3,54,,
5530,N,WAYNE,,,92.5,HONEY LOCUST,29,3,88,,
5526,N,WAYNE,,,99.5,HONEY LOCUST,32,3,95,,
5518,N,WAYNE,,,68,NORWAY MAPLE,22,4.5,97,,
5510,N,WAYNE,,,95,NORWAY MAPLE,30,4.5,136,,
BROKEN! NEEDS FIXING: 0,,,,,67,NORWAY MAPLE,21,4.5,96,CATALPA W OF WAYNE,
BROKEN! NEEDS FIXING: 0,,,,,72.5,HONEY LOCUST,23,3,69,EAST OF ALLEY;CATALPA NEAR GLENWOOD,
5507,N,LAKEWOOD,,,63,HONEY LOCUST,20,3,60,,
5511,N,LAKEWOOD,,,95,SILVER MAPLE,30,3,91,,
5521,N,LAKEWOOD,,,98,SILVER MAPLE,31,3,94,,
5525,N,LAKEWOOD,,,101,SILVER MAPLE,32,3,96,,
5535,N,LAKEWOOD,,,74,HONEY LOCUST,24,3,71,,
5539,N,LAKEWOOD,,,84,SILVER MAPLE,27,3,80,,
5539,N,LAKEWOOD,,,73,SILVER MAPLE,23,3,70,,
5543,N,LAKEWOOD,,,76,SILVER MAPLE,24,3,73,,
5553,N,LAKEWOOD,,,74,SILVER MAPLE,24,3,71,,
5559,N,LAKEWOOD,,,68,SILVER MAPLE,22,3,65,,
BROKEN! NEEDS FIXING: 0,,,,,51,HONEY LOCUST,16,3,49,CORNER; LAKEWOOD/BALMORAL,
1255,W,BRYN MAWR,,,70,HONEY LOCUST,22,3,67,,
1253,W,BRYN MAWR,,,86,SILVER MAPLE,27,3,82,,
5560,N,LAKEWOOD,,,54,HONEY LOCUST,17,3,52,,
5548,N,LAKEWOOD,,,63,NORWAY MAPLE,20,4.5,90,,
5542,N,LAKEWOOD,,,91,SILVER MAPLE,29,3,87,,
5538,N,LAKEWOOD,,,93,SILVER MAPLE,30,3,89,,
5538,N,LAKEWOOD,,,77,HORSE CHESTNUT,25,8,196,IN FRONT YARD,
5536,N,LAKEWOOD,,,84,HONEY LOCUST,27,3,80,,
5526,N,LAKEWOOD,,,67,SILVER MAPLE,21,3,64,,
5526,N,LAKEWOOD,,,109,HONEY LOCUST,35,3,104,,
5518,N,LAKEWOOD,,,69,HONEY LOCUST,22,3,66,,
5516,N,LAKEWOOD,,,60,NORWAY MAPLE,19,4.5,86,,
5510,N,LAKEWOOD,,,63,NORWAY MAPLE,20,4.5,90,,
5507,N,LAKEWOOD,,,60,HONEY LOCUST,19,3,57,,
BROKEN! NEEDS FIXING: 0,,,,,81,HONEY LOCUST,26,3,77,ON CORNER; CATALPA/LAKEWOOD,
1255,W,CATALPA,,,59,HONEY LOCUST,19,3,56,,
1252,W,CATALPA,,,125,SILVER MAPLE,40,3,119,,
1248,W,CATALPA,,,55,NORWAY MAPLE,18,4.5,79,,
5542,N,LAKEWOOD,,,94,LARGE LEAF LINDEN,30,3,90,BACK YARD,?? NOT SURE OF THE GROWTH FACTOR
5526,N,MAGNOLIA,,,95,SILVER MAPLE,30,3,91,NORTH END OF CONVENT BLDG,
5538,N,MAGNOLIA,,,68,SILVER MAPLE,22,3,65,,
5540,N,MAGNOLIA,,,73,SILVER MAPLE,23,3,70,,
5544,N,MAGNOLIA,,,112,AMERICAN SYCAMORE,36,4,143,,
BROKEN! NEEDS FIXING: 0,,,,,67,HONEY LOCUST,21,3,64,"OUTSIDE PARK, WEST",COCHRAN PARK
BROKEN! NEEDS FIXING: 0,,,,,69,HONEY LOCUST,22,3,66,"OUTSIDE PARK, WEST",COCHRAN PARK
BROKEN! NEEDS FIXING: 0,,,,,60,LITTLE LEAF LINDEN,19,3,57,IN PARK,COCHRAN PARK
BROKEN! NEEDS FIXING: 0,,,,,67,HONEY LOCUST,21,3,64,IN PARK,COCHRAN PARK; DISEASED
BROKEN! NEEDS FIXING: 0,,,,,58,HONEY LOCUST,18,3,55,IN PARK,COCHRAN PARK
BROKEN! NEEDS FIXING: 0,,,,,57,HONEY LOCUST,18,3,54,IN PARK,COCHRAN PARK
1238,W,BRYN MAWR,,,63,HONEY LOCUST,20,3,60,,
1238,W,BRYN MAWR,,,63,HONEY LOCUST,20,3,60,,
1232,W,BRYN MAWR,,,57,HONEY LOCUST,18,3,54,,
5553,N,MAGNOLIA,,,79,HONEY LOCUST,25,3,75,,
5541,N,MAGNOLIA,,,79,AMERICAN SYCAMORE,25,4,101,,
5537,N,MAGNOLIA,,,78,HONEY LOCUST,25,3,75,,
BROKEN! NEEDS FIXING: 0,,,,,80,SILVER MAPLE,25,3,76,ST. ITA SCHOOL; NORTH END,
BROKEN! NEEDS FIXING: 0,,,,,76,SILVER MAPLE,24,3,73,ST. ITA SCHOOL,
BROKEN! NEEDS FIXING: 0,,,,,75,HONEY LOCUST,24,3,72,ST. ITA SCHOOL,
BROKEN! NEEDS FIXING: 0,,,,,68,HONEY LOCUST,22,3,65,ST. ITA SCHOOL,
BROKEN! NEEDS FIXING: 0,,,,,68,AMERICAN SYCAMORE,22,4,87,ST. ITA SCHOOL,
1220,W,CATALPA,,,91,HONEY LOCUST,29,3,87,SOUTH END,
5502,N,MAGNOLIA,,,73,HONEY LOCUST,23,3,70,ON CATALPA SIDE/CORNER,
BROKEN! NEEDS FIXING: 0,,,,,65,HONEY LOCUST,21,3,62,B/W MAGNOLIA & ALLEY; CATALPA,
BROKEN! NEEDS FIXING: 0,,,,,78,HONEY LOCUST,25,3,75,ON CORNER OF ALLEY; CATALPA AND W ALLEY,
5502,N,MAGNOLIA,,,81,SILVER MAPLE,26,3,77,,
5506,N,MAGNOLIA,,,81,HONEY LOCUST,26,3,77,,
5510,N,MAGNOLIA,,,87,HONEY LOCUST,28,3,83,,
5516,N,MAGNOLIA,,,80,HONEY LOCUST,25,3,76,,
5516,N,MAGNOLIA,,,78,HONEY LOCUST,25,3,75,,
5526,N,MAGNOLIA,,,90,SILVER MAPLE,29,3,86,SOUTH END OF CONVENT BLDG,
5457,N,WAYNE,,,93,HONEY LOCUST,30,3,89,N SIDE OF HOUSE CLOSEST TO ALLEY,
5457,N,WAYNE,,,57,HONEY LOCUST,18,3,54,N SIDE OF HOUSE MIDDLE,
BROKEN! NEEDS FIXING: 0,,,,,79,HONEY LOCUST,25,3,75,NEAR CORNER OF CATALPA/WAYNE,
5455,N,WAYNE,,,87,NORTHERN CATALPA,28,2,55,,
BROKEN! NEEDS FIXING: 0,,,,,62,HONEY LOCUST,20,3,59,5449/5553 WAYNE,
BROKEN! NEEDS FIXING: 5443,N,WAYNE,,,36.5,GINKGO,12,,0,,DO NOT KNOW GROWTH FACTOR
5437,N,WAYNE,,,57,NORWAY MAPLE,18,4.5,82,,
5437,N,WAYNE,,,109.5,HONEY LOCUST,35,3,105,,
5431,N,WAYNE,,,70.5,NORWAY MAPLE,22,4.5,101,,
5411,N,WAYNE,,,66,NORWAY MAPLE,21,4.5,95,,
5401,N,WAYNE,,,65.5,NORWAY MAPLE,21,4.5,94,,
5401,N,WAYNE,,,110.5,HONEY LOCUST,35,3,106,ON BALMORAL,
BROKEN! NEEDS FIXING: 0,,,,,60,NORWAY MAPLE,19,4.5,86,MIDDLE TREE NORTH SIDE OF BALMORAL; BALMORAL TO ALLEY EAST,
BROKEN! NEEDS FIXING: 0,,,,,47.5,HONEY LOCUST,15,3,45,NORTHWEST CORNER; WAYNE & BALMORAL,
5400,N,WAYNE,,,97,HONEY LOCUST,31,3,93,MIDDLE TREE ON BALMORAL,
5400,N,WAYNE,,,93,HONEY LOCUST,30,3,89,WAYNE SIDE,
BROKEN! NEEDS FIXING: 5400,N,WAYNE,,,76,FIELD ELM,24,,0,,DOUBLE CHECK
5406,N,WAYNE,,,50,NORWAY MAPLE,16,4.5,72,,
5410,N,WAYNE,,,61,NORWAY MAPLE,19,4.5,87,,
5416,N,WAYNE,,,55.5,NORWAY MAPLE,18,4.5,80,,
5418,N,WAYNE,,,59,NORWAY MAPLE,19,4.5,85,,
5424,N,WAYNE,,,53,HONEY LOCUST,17,3,51,,
5434,N,WAYNE,,,49.5,NORWAY MAPLE,16,4.5,71,,
5434,N,WAYNE,,,59.5,WHITE ASH,19,5,95,SPECIES?,DOUBLE CHECK (THE PERSON MEASURING THOUGHT IT WAS A MAPLE)
5438,N,WAYNE,,,121,SILVER MAPLE,39,3,116,,
5442,N,WAYNE,,,95.5,HONEY LOCUST,30,3,91,,
5452,N,WAYNE,,,73,NORWAY MAPLE,23,4.5,105,,
BROKEN! NEEDS FIXING: 0,,,,,59,NORWAY MAPLE,19,4.5,85,CORNER; WAYNE & CATALPA,
1341,W,CATALPA,,,74.5,NORWAY MAPLE,24,4.5,107,,
1341,W,CATALPA,,,82.5,SILVER MAPLE,26,3,79,AT ALLEY,
1339,W,CATALPA,,,37,WHITE OAK,12,5,59,AT CORNER,
5413,N,LAKEWOOD,,,62.5,NORWAY MAPLE,20,4.5,90,,
5417,N,LAKEWOOD,,,89,LITTLE LEAF LINDEN,28,3,85,,
5431,N,LAKEWOOD,,,100,HONEY LOCUST,32,3,96,,
5435,N,LAKEWOOD,,,62,BLACK WALNUT,20,4.5,89,,
5441,N,LAKEWOOD,,,90,HONEY LOCUST,29,3,86,,
5447,N,LAKEWOOD,,,81,HONEY LOCUST,26,3,77,SOUTH,
5447,N,LAKEWOOD,,,91,HONEY LOCUST,29,3,87,NORTH,
1231,W,CATALPA,,,56,NORWAY MAPLE,18,4.5,80,,
1255,W,CATALPA,,,97,HONEY LOCUST,31,3,93,,
1310,W,CATALPA,,,90,HONEY LOCUST,29,3,86,,
5422,N,LAKEWOOD,,,104,HONEY LOCUST,33,3,99,SOUTH,
5422,N,LAKEWOOD,,,100,HONEY LOCUST,32,3,96,NORTH,
5426,N,LAKEWOOD,,,93,SILVER MAPLE,30,3,89,,
5434,N,LAKEWOOD,,,92,SILVER MAPLE,29,3,88,,
5438,N,LAKEWOOD,,,81,CATALPA,26,2,52,,
5444,N,LAKEWOOD,,,89,CATALPA,28,2,57,,
5446,N,LAKEWOOD,,,91,HONEY LOCUST,29,3,87,,
1230,W,BALMORAL,,,76,SILVER MAPLE,24,3,73,,
1250,W,BALMORAL,,,85,HONEY LOCUST,27,3,81,,
BROKEN! NEEDS FIXING: 1340,W,BERWYN,,,87,BLACK LOCUST,28,,0,FURTHEST EAST,NOT SURE OF GROWTH FACTOR
1340,W,BERWYN,,,87,SILVER MAPLE,28,3,83,MIDDLE,
1340,W,BERWYN,,,73,HONEY LOCUST,23,3,70,FURTHEST WEST,
1340,W,BERWYN,,,74,HONEY LOCUST,24,3,71,ON WAYNE SW CORNER,
5310,N,WAYNE,,,68,SILVER MAPLE,22,3,65,,
5316,N,WAYNE,,,68,NORWAY MAPLE,22,4.5,97,,
5334,N,WAYNE,,,65,HONEY LOCUST,21,3,62,,
5336,N,WAYNE,,,96,SILVER MAPLE,31,3,92,,
5344,N,WAYNE,,,84,HONEY LOCUST,27,3,80,,
5354,N,WAYNE,,,89,SILVER MAPLE,28,3,85,,
1341,W,BALMORAL,,,65,SILVER MAPLE,21,3,62,,
BROKEN! NEEDS FIXING: 0,,,,,109,SILVER MAPLE,35,3,104,SOUTH SIDE JUST WEST OF ALLEY ;BALMORAL,
5357,N,WAYNE,,,92,HONEY LOCUST,29,3,88,,
5355,N,WAYNE,,,64,NORWAY MAPLE,20,4.5,92,,
5353,N,WAYNE,,,86,HONEY LOCUST,27,3,82,,
5349,N,WAYNE,,,90,HONEY LOCUST,29,3,86,,
5347,N,WAYNE,,,90,HONEY LOCUST,29,3,86,,
5339,N,WAYNE,,,94,AMERICAN BASSWOOD,30,3,90,,
5337,N,WAYNE,,,64,WHITE ASH,20,5,102,,
5333,N,WAYNE,,,97,SILVER MAPLE,31,3,93,,
5329,N,WAYNE,,,122,SILVER MAPLE,39,3,117,NORTH SIDE OF PROPERTY,
5329,N,WAYNE,,,115,SILVER MAPLE,37,3,110,SOUTH SIDE OF PROPERTY,
5323,N,WAYNE,,,66,NORWAY MAPLE,21,4.5,95,,
5314,N,WAYNE,,,102,HONEY LOCUST,32,3,97,,
5313,N,WAYNE,,,79,NORWAY MAPLE,25,4.5,113,,
5309,N,WAYNE,,,68,NORWAY MAPLE,22,4.5,97,,
5301,N,WAYNE,,,89,HONEY LOCUST,28,3,85,ON WAYNE NEAR CORNER,
5301,N,WAYNE,,,87,HONEY LOCUST,28,3,83,ON BERWYN NEAR CORNER,
1218,W,BALMORAL,,,66,HONEY LOCUST,21,3,63,JUST W OF ALLEY B/W BROADWAY AND MAGNOLIA,
1218,W,BALMORAL,,,65,SILVER MAPLE,21,3,62,2ND TREE W OF ALLEY ABOVE,
1218,W,BALMORAL,,,60,SILVER MAPLE,19,3,57,3RD TREE W OF ALLEY ABOVE,
1218,W,BALMORAL,,,66,SILVER MAPLE,21,3,63,4TH TREE W OF ALLEY ABOVE,
5359,N,MAGNOLIA,,,67,HONEY LOCUST,21,3,64,,
5353,N,MAGNOLIA,,,98,HONEY LOCUST,31,3,94,THIS TREE SPLITS SIGNIFICANTLY,
5351,N,MAGNOLIA,,,55,NORWAY MAPLE,18,4.5,79,,
5341,N,MAGNOLIA,,,56,NORWAY MAPLE,18,4.5,80,,
5331,N,MAGNOLIA,,,58,NORWAY MAPLE,18,4.5,83,ON PROP LINE B/W 5325,
5321,N,MAGNOLIA,,,69,HONEY LOCUST,22,3,66,,
5315,N,MAGNOLIA,,,54,NORWAY MAPLE,17,4.5,77,,
5311,N,MAGNOLIA,,,140,SIBERIAN ELM,45,4,178,,NOT SURE OF GROWTH FACTOR
5307,N,MAGNOLIA,,,82,NORWAY MAPLE,26,4.5,118,,
5303,N,MAGNOLIA,,,82,AMERICAN SYCAMORE,26,4,104,,
5300,N,MAGNOLIA,,,82,SILVER MAPLE,26,3,78,ON N SIDE OF BERWYN NEAR ALLEY,
5300,N,MAGNOLIA,,,78,SILVER MAPLE,25,3,75,ON N SIDE OF BERWYN 3RD TREE FROM ALLEY,
5300,N,MAGNOLIA,,,63,SILVER MAPLE,20,3,60,ON BERWYN JUST W OF X-WALK,
5300,N,MAGNOLIA,,,55,SILVER MAPLE,18,3,53,ON BERWYN ALMOST AT X-WALK,
5306,N,MAGNOLIA,,,74,SILVER MAPLE,24,3,71,AT PROP LINE W 5300,
5310,N,MAGNOLIA,,,80,SILVER MAPLE,25,3,76,N OF PROP LINE,
BROKEN! NEEDS FIXING: 5310,N,MAGNOLIA,,,54,NORTHERN RED OAK,17,,0,CENTER OF TWIN HOMES,NOT SURE OF GROWTH FACTOR
5314,N,MAGNOLIA,,,108,SILVER MAPLE,34,3,103,,
5322,N,MAGNOLIA,,,66,HONEY LOCUST,21,3,63,,
5326,N,MAGNOLIA,,,76.5,HONEY LOCUST,24,3,73,IN FRONT OF EMPTY LOT,
5330,N,MAGNOLIA,,,66,HONEY LOCUST,21,3,63,,
5344,N,MAGNOLIA,,,68,HONEY LOCUST,22,3,65,,
1254,W,BALMORAL,,,72,NORWAY MAPLE,23,4.5,103,S SIDE OF BALMORAL @ ALLEY B/W MAGNOLIA AND LAKEWOOD,BEHIND/NEAR 5356 MAGNOLIA HOME
1321,W,BERWYN,,,56,WHITE ASH,18,5,89,WEST SIDE,
5247,N,WAYNE,,,60,NORWAY MAPLE,19,4.5,86,,
5239,N,WAYNE,,,96,SUGAR MAPLE,31,5,153,,
5227,N,WAYNE,,,88,AMERICAN ELM,28,4,112,,
5223,N,WAYNE,,,65,WHITE ASH,21,5,104,,
5221,N,WAYNE,,,70,WHITE ASH,22,5,111,,
5217,N,WAYNE,,,95,AMERICAN ELM,30,4,121,,
5213,N,WAYNE,,,50,WHITE ASH,16,5,80,,
5209,N,WAYNE,,,123,SUGAR MAPLE,39,5,196,,
1318,W,FOSTER,,,64,HONEY LOCUST,20,3,61,WEST SIDE,
1318,W,FOSTER,,,52,HONEY LOCUST,17,3,50,EAST SIDE,
5256,N,WAYNE,,,86,HONEY LOCUST,27,3,82,NORTH SIDE OF PROPERTY,
5256,N,WAYNE,,,89,SILVER MAPLE,28,3,85,,
5244,N,WAYNE,,,90,SILVER MAPLE,29,3,86,,
5226,N,WAYNE,,,90,SILVER MAPLE,29,3,86,,
5224,N,WAYNE,,,80,SILVER MAPLE,25,3,76,,
5220,N,WAYNE,,,80,WHITE ASH,25,5,127,,
5216,N,WAYNE,,,99,HONEY LOCUST,32,3,95,,
5203,N,LAKEWOOD,,,104,SILVER MAPLE,33,3,99,,
5202,N,LAKEWOOD,,,96,HONEY LOCUST,31,3,92,,
5202,N,LAKEWOOD,,,71,HONEY LOCUST,23,3,68,,
5202,N,LAKEWOOD,,,67,HONEY LOCUST,21,3,64,,
5202,N,LAKEWOOD,,,75,MAPLE,24,3,72,,
5206,N,LAKEWOOD,,,61,MAPLE,19,3,58,,THE VOLUNTEER DID NOT SPECIFY MAPLE TYPE
5214,N,LAKEWOOD,,,87,MAPLE,28,3,83,,
5232,N,LAKEWOOD,,,81,HONEY LOCUST,26,3,77,,
5244,N,LAKEWOOD,,,103,MAPLE,33,3,98,CHURCH,
5244,N,LAKEWOOD,,,90,MAPLE,29,3,86,CHURCH,
5244,N,LAKEWOOD,,,119,CHINESE ELM,38,4,152,CHURCH,
5244,N,LAKEWOOD,,,81,ELM,26,4,103,CHURCH,
5255,N,LAKEWOOD,,,62,ASH,20,5,99,,
5253,N,LAKEWOOD,,,63,ASH,20,5,100,,
5253,N,LAKEWOOD,,,66,ASH,21,5,105,,
5245,N,LAKEWOOD,,,90,SILVER MAPLE,29,3,86,,
5241,N,LAKEWOOD,,,116,SILVER MAPLE,37,3,111,,
5227,N,LAKEWOOD,,,76,HONEY LOCUST,24,3,73,,
5223,N,LAKEWOOD,,,85,MAPLE,27,3,81,,
5217,N,LAKEWOOD,,,76,MAPLE,24,3,73,,
5256,N,MAGNOLIA,,,103,MAPLE,33,3,98,,
5254,N,MAGNOLIA,,,72,MAPLE,23,3,69,,
5252,N,MAGNOLIA,,,84,MAPLE,27,3,80,,
5242,N,MAGNOLIA,,,63,MAPLE,20,3,60,,
5238,N,MAGNOLIA,,,66,MAPLE,21,3,63,,
5230,N,MAGNOLIA,,,80,MAPLE,25,3,76,,
5226,N,MAGNOLIA,,,90,SYCAMORE,29,4,115,,
5220,N,MAGNOLIA,,,92,MAPLE,29,3,88,,
5200,N,MAGNOLIA,,,107,MAPLE,34,3,102,,
5217,N,MAGNOLIA,,,95,HONEY LOCUST,30,3,91,,
5223,N,MAGNOLIA,,,104,MAPLE,33,3,99,,
5229,N,MAGNOLIA,,,75,MAPLE,24,3,72,,
5241,N,MAGNOLIA,,,80,HONEY LOCUST,25,3,76,,
5251,N,MAGNOLIA,,,170,MAPLE,54,3,162,POSSIBLY TWO,COULD BE TWO TREES
5255,N,MAGNOLIA,,,113,MAPLE,36,3,108,,
1062,W,ROSEMONT,,,96,AMERICAN ELM,31,4,124,
6229,N,WINTHROP,,,72,GREEN ASH,24,4,96,
6161,N,WINTHROP,,,117,N. HACKBERRY,38,3,114,
6131,N,WINTHROP,,,86,SYCAMORE,27,4,108,
1059,W,GLENLAKE,,,86,SILVER MAPLE,27,3,81,
1065,W,GLENLAKE,,,83,SILVER MAPLE,26,3,78,
6013,N,WINTHROP,,,72,HONEY LOCUT,23,3,69,
1030,W,GLENLAKE,,,61,ASH,19,4  ?,76,
6201,N,KENMORE,,,70,HONEY LOCUT,22,3,66,
6231,N,KENMORE,,,99,ELM,32,4,128,
6325,N,SHERIDAN,,,62,HONEY LOCUT,20,3,60,
6253,N,SHERIDAN,,,71,HONEY LOCUT,23,3,69,
1100,W,THORNDALE,,,65,BRADFORD PEAR,21,?,?,VERY FAST GROWING
6307,N,WINTHROP,,,79,HONEY LOCUT,25,3,75,
6217,N,WINTHROP,,,68,HONEY LOCUT,22,3,66,
6131,N,WINTHROP,,,67,AMERICAN SYCAMORE,21,4,84,
1056,W,GLENLAKE,,,106,SILVER MAPLE,34,3,32,
1063,W,GLENLAKE,,,78,SILVER MAPLE,25,3,75,
6035,N,WINTHROP,,,84,SILVER MAPLE,27,3,81,
6011,N,WINTHROP,,,87,HONEY LOCUT,28,3,84,
5957,N,WINTHROP,,,102,AMERICAN ELM,32,4,128,
1031,W,GLENLAKE,,,60,GREEN ASH,19,4,76,
6201,N,KENMORE,,,63,HONEY LOCUT,20,3,60,
6255,N,KENMORE,,,61,HONEY LOCUT,19,3,57,
6250,N,KENMORE,,,90,SILVER MAPLE,29,3,87,
6300,N,SHERIDAN,,,84,AMERICAN ELM,27,4,124,
6236,N,SHERIDAN,,,102,HONEY LOCUT,33,4,108,
6102,N,SHERIDAN,,,61,SILVER MAPLE,19,3,57,
BROKEN! NEEDS FIXING: ,,,,,61,NORWAY MAPLE,19.4,4.5,87,"5900 N. GLENWOOD PARKWAY, OPPOSITE 5861 N. GLENWOOD",
BROKEN! NEEDS FIXING: ,,,,,60,NORWAY MAPLE,19.1,4.5,86,"5900 N. GLENWOOD PARKWAY, OPPOSITE 5873 N. GLENWOOD",
BROKEN! NEEDS FIXING: ,,,,,140,SILVER MAPLE,44.6,3,134,NW CORNER OF GLENWOOD & ROSEDALE,
BROKEN! NEEDS FIXING: ,,,,,125,NORWAY MAPLE,39.8,4.5,179,"SENN PARK, OPPOSITE 5905 N. GLENWOOD",
BROKEN! NEEDS FIXING: ,,,,,94,SILVER MAPLE,29.9,3,90,SW CORNER OF GLENWOOD & THORNDALE,
BROKEN! NEEDS FIXING: ,,,,,95,NORWAY MAPLE,30.3,4.5,136,"SENN PARK, OPPOSITE 1406 W. THORNDALE",TREE IS HALF DEAD WITH BROKEN TRUNK.
BROKEN! NEEDS FIXING: ,,,,,77,HACKBERRY,24.5,5,123,"SENN PARK, SW CORNER OF THORNDALE & GREENVIEW",
BROKEN! NEEDS FIXING: ,,,,,95,MULBERRY,30.3,2.3,70,"ADJACENT TO 1515 THORNDALE, IN SENN UNITY GARDEN",
BROKEN! NEEDS FIXING: ,,,,,129,AMERICAN ELM,41.1,4,164,1515 W. THORNDALE (REAR),
BROKEN! NEEDS FIXING: ,,,,,96,EASTERN COTTONWOOD,30.6,2,61,"ADJACENT TO 1515 THORNDALE, IN SENN UNITY GARDEN",
BROKEN! NEEDS FIXING: ,,,,,94,EASTERN COTTONWOOD,29.9,2,60,"ADJACENT TO 1515 THORNDALE, IN SENN UNITY GARDEN",
BROKEN! NEEDS FIXING: ,,,,,109,SILVER MAPLE,34.7,3,104,"SENN UNITY GARDEN, PARKWAY IN FRONT OF UNITY SIGN",
BROKEN! NEEDS FIXING: ,,,,,104,AMERICAN ELM,33.1,4,132,1542 W. THORNDALE PARKWAY,
BROKEN! NEEDS FIXING: ,,,,,108,TREE OF HEN,34.4,2,69,"LINCOLN GARDEN, OPPOSITE MABEL BLDG",
BROKEN! NEEDS FIXING: ,,,,,65,SWAMP WHITE OAK,20.7,4,83,"SENN PARK, OPPOSITE PARK VIEW HOME",
BROKEN! NEEDS FIXING: ,,,,,65,AMERICAN ELM,20.7,4,83,"SENN H. S., NW CORNER OF ARDMORE & RIDGE",
BROKEN! NEEDS FIXING: ,,,,,108,SILVER MAPLE,34.4,3,103,OPPOSITE ALLEY @ 1429 W. ARDMORE,
BROKEN! NEEDS FIXING: ,,,,,87,SILVER MAPLE,27.7,3,83,OPPOSITE ALLEY @ 1429 W. ARDMORE,
1401,W,ELMDALE,,,60,HONEY LOCUST,19.1,3,57,,
1403,W,ELMDALE,,,64,HONEY LOCUST,20.4,3,61,,
1407,W,ELMDALE,,,70,HONEY LOCUST,22.3,3,67,,
1415,W,ELMDALE,,,71,HONEY LOCUST,22.6,3,68,,
1417,W,ELMDALE,,,73,HONEY LOCUST,23.2,3,70,,
1419,W,ELMDALE,,,73,HONEY LOCUST,23.2,3,70,,
1421,W,ELMDALE,,,61,HONEY LOCUST,19.4,3,58,,
1425,W,ELMDALE,,,68,HONEY LOCUST,21.7,3,65,,
1427,W,ELMDALE,,,61,HONEY LOCUST,19.4,3,58,,
1429,W,ELMDALE,,,66,HONEY LOCUST,21.0,3,63,,
1433,W,ELMDALE,,,77,HONEY LOCUST,24.5,3,74,,
1439,W,ELMDALE,,,75,HONEY LOCUST,23.9,3,72,,
1443,W,ELMDALE,,,66,HONEY LOCUST,21.0,3,63,,
1445,W,ELMDALE,,,65,HONEY LOCUST,20.7,3,62,,
1447,W,ELMDALE,,,72,HONEY LOCUST,22.9,3,69,,
1457,W,ELMDALE,,,73,HONEY LOCUST,23.2,3,70,,
1459,W,ELMDALE,,,75,HONEY LOCUST,23.9,3,72,,
1461,W,ELMDALE,,,71,HONEY LOCUST,22.6,3,68,,
BROKEN! NEEDS FIXING: 1460,W,ELMDALE,,,88,HONEY LOCUST,28.0,,0,,
BROKEN! NEEDS FIXING: 1458,W,ELMDALE,,,73,ASH ,23.2,,0,HAS CITY TAF FROM 2113 ,
BROKEN! NEEDS FIXING: 1466,W,ELMDALE,,,78,MAPLE,24.8,,0,,
BROKEN! NEEDS FIXING: 1404,W,ELMDALE,,,64,HONEY LOCUST,20.4,,0,,
BROKEN! NEEDS FIXING: 1521,W,ELMDALE,,,63,HONEY LOCUST,20.1,,0,,
BROKEN! NEEDS FIXING: 1531,W,ELMDALE,,,62,HONEY LOCUST,19.7,,0,,
BROKEN! NEEDS FIXING: 1537,W,ELMDALE,,,63,MAPLE,20.1,,0,,
BROKEN! NEEDS FIXING: 1547,W,ELMDALE,,,65,HONEY LOCUST,20.7,,0,,
1404,W,THORNDALE,,,60,ASH ,19.1,5,96,,
1406,W,THORNDALE,,,61,OAK,19.4,2,39,,
1412,W,THORNDALE,,,60,OAK,19.1,2,38,,
1414,W,THORNDALE,,,61.5,MAPLE,19.6,4.5,88,,
1522,W,THORNDALE,,,92,SILVER MAPLE,29.3,3,88,,
BROKEN! NEEDS FIXING: 1528,W,THORNDALE,,,64,ASH ,20.4,,0,??????,
BROKEN! NEEDS FIXING: 1442,W,THORNDALE,,,103,,32.8,,0,??????,
BROKEN! NEEDS FIXING: 1527,W,THORNDALE,,,,,0.0,,0,??????,
1525,W,THORNDALE,,,104,MAPLE,33.1,3,99,,
BROKEN! NEEDS FIXING: 1515,W,THORNDALE,,,74,,23.6,,0,??????,
5954,N,GREENVIEW,,,63,NORTHERN MAPLE,20.1,4.5,90,,
BROKEN! NEEDS FIXING: 5959,N,GREENVIEW,,,60,,19.1,,0,,
BROKEN! NEEDS FIXING: 5957,N,GREENVIEW,,,61,,19.4,,0,,
BROKEN! NEEDS FIXING: 5953,N,GREENVIEW,,,60,,19.1,,0,,
1542,W,ELMDALE,,,64,HONEY LOCUST,20.4,3,61,,
1540,W,ELMDALE,,,75,ELM,23.9,4,96,,
1528,W,ELMDALE,,,76,NORTHERN MAPLE,24.2,4.5,109,W/VINES,
1522,W,ELMDALE,,,75,SILVER MAPLE,23.9,3,72,,
1520,W,ELMDALE,,,90,NORTHERN MAPLE,28.7,4.5,129,,
1502,W,ELMDALE,,,67,HONEY LOCUST,21.3,3,64,,
BROKEN! NEEDS FIXING: ,,,,,96,SILVER MAPLE,30.6,3,92,GLENWOOD ?,
5932,N,GLENWOOD,,,85,SILVER MAPLE,27.1,3,81,TREES OFF THORNDALE,
5928,N,GLENWOOD,,,106,SILVER MAPLE,33.8,3,101,2ND,
5914,N,GLENWOOD,,,73,SILVER MAPLE,23.2,3,70,,
5902,N,GLENWOOD,,,140,SILVER MAPLE,44.6,3,134,,
5858,N,GLENWOOD,,,60,NORWAY MAPLE,19.1,4.5,86,HAS TRETMENT TAG,
5866,N,GLENWOOD,,,63,HONEY LOCUST,20.1,3,60,,
5860,N,GLENWOOD,,,61,NORWAY 0R RED MAPLE,19.4,4.5,87,?,
5854,N,GLENWOOD,,,65,HONEY LOCUST,20.7,3,62,,
BROKEN! NEEDS FIXING: 5748,N,GLENWOOD,,,68,HACKBERRY,21.7,,0,?,
5838,N,GLENWOOD,,,61,CATALPA,19.4,2,39,,
5814,N,GLENWOOD,,,93,HONEY LOCUST,29.6,3,89,,
1411,W,ARDMORE,,,89,HONEY LOCUST,28.3,3,85,,
5830,N,ELMDALE,,,79,SILVER MAPLE,25.2,3,76,,
1421,W,ARDMORE,,,82,HONEY LOCUST,26.1,3,78,,
1429,W,ARDMORE,,,105,LINDEN,33.4,3,100,?,
1458,W,ARDMORE,,,65,ELM,20.7,4,83,JUST EAST OF RIGE,
1435,W,ARDMORE,,,71,SILVER MAPLE,22.6,3,68,,
1426,W,ARDMORE,,,107,SILVER MAPLE,34.1,3,102,,
1422,W,ARDMORE,,,88,SILVER MAPLE,28.0,3,84,,
6028,N,HERMITAGE,303,2012,62,HONEY LOCUST,19.7,3,59,
6032,N,HERMITAGE,303,2012,64,HONEY LOCUST,20.4,3,61,
6034,N,HERMITAGE,303,2012,71,HONEY LOCUST,22.6,3,68,
6036,N,HERMITAGE,303,2012,71,HONEY LOCUST,22.6,3,64,
6038,N,HERMITAGE,303,2012,71,HONEY LOCUST,22.6,3,68,
6058,N,HERMITAGE,303,2010,87,HONEY LOCUST,27.7,3,83,
6064,N,HERMITAGE,303,2010,72,MAPLE,22.9,4.5,103,
6074,N,HERMITAGE,303,2010,133,SILVER MAPLE,42.4,3,127,
6074,N,HERMITAGE,303,2010,151,SILVER MAPLE,48.1,3,144,
6116,N,HERMITAGE,303,2010,64,BLACK MAPLE,20.4,5,102,
6126,N,HERMITAGE,303,2010,133,HONEY LOCUST,42.4,3,127,
6154,N,HERMITAGE,303,2003,60,HONEY LOCUST,19.1,3,57,
6145,N,HERMITAGE,303,2002,70,HONEY LOCUST,22.3,3,67,
6143,N,HERMITAGE,303,2002,68,HONEY LOCUST,21.7,3,65,
6141,N,HERMITAGE,303,2002,73,HONEY LOCUST,23.2,3,70,
6119,N,HERMITAGE,303,2009,151,SILVER MAPLE,48.1,3,141,
6111,N,HERMITAGE,303,2009,75,HONEY LOCUST,23.9,3,72,
6105,N,HERMITAGE,303,2009,70,SILVER MAPLE,22.3,3,67,
6069,N,HERMITAGE,303,2008,63,HONEY LOCUST,20.1,3,60,
6067,N,HERMITAGE,303,2008,75,HONEY LOCUST,23.9,3,72,
6065,N,HERMITAGE,303,2008,70,HONEY LOCUST,22.3,3,67,
6061,N,HERMITAGE,303,2008,80,HONEY LOCUST,25.5,3,76,
6055,N,HERMITAGE,303,2008,69,HONEY LOCUST,22,3,66,
6043,N,HERMITAGE,303,2008,79,HONEY LOCUST,25.2,3,75,
6027,N,HERMITAGE,303,2014,89,SYCAMORE,28.3,4,113,
6025,N,HERMITAGE,303,2014,124,SYCAMORE,39.5,4,158,
6079,N,RIDGE,303,2012,75,SYCAMORE,23.9,4,96,
5707,N,WINTHROP,,,86,HONEY LOCUST,27.4,3,82,
5709,N,WINTHROP,,,86,HONEY LOCUST,27.4,3,82,
5726,N,WINTHROP,,,70,ENGLISH ELM,22.3,4,89,
5727,N,WINTHROP,,,60,LINDEN,19.1,3,57,
5727,N,WINTHROP,,,61,LINDEN,19.4,3,58,
5730,N,WINTHROP,,,65,ENGLISH ELM,20.7,4,83,
5739,N,WINTHROP,,,70,WHITE ASH,22.3,5,112,
5758,N,WINTHROP,,,73,LINDEN,23.2,3,70,
5800,N,WINTHROP,,,106,AMERICAN ELM,33.8,4,135,
5812,N,WINTHROP,,,61,WHITE ASH,19.4,5,97,
5818,N,WINTHROP,,,72,AMERICAN ELM,22.9,4,92,
5922,N,WINTHROP,,,63,GREEN ASH,20.1,4,80,
5703,N,KENMORE,,,82,HACKENBERRY,26.1,2,52,
5725,N,KENMORE,,,89,HACKENBERRY,28.3,2,57,
5736,N,KENMORE,,,94,HACKENBERRY,29.9,2,60,
5746,N,KENMORE,,,97,HACKENBERRY,30.9,2,62,
5750,N,KENMORE,,,63,HONEY LOCUST,20.1,3,60,
5750,N,KENMORE,,,75,HONEY LOCUST,23.9,3,72,
5751,N,KENMORE,,,95,HACKENBERRY,30.3,2,61,
5757,N,KENMORE,,,70,HACKENBERRY,22.3,2,45,
BROKEN! NEEDS FIXING: 5818,N,KENMORE,,,82,NORTHERN CATALPA,26.1,,0,
5820,N,KENMORE,,,67,LINDEN,21.3,3,64,
5828,N,KENMORE,,,62,SILVER MAPLE,19.7,3,59,
5829,N,KENMORE,,,65,LINDEN,20.7,3,62,
5909,N,KENMORE,,,60,ASH,19.1,5,96,
5910,N,KENMORE,,,62,HONEST LOCUST,19.7,3,59,
5920,N,KENMORE,,,80,HONEY LOCUST,25.5,3,77,
1019,W,ARDMORE,,,109,ASH,34.7,5,174,SPECIES?
1020,W,ARDMORE,,,73,ASH,23.2,5,116,
1020,W,ARDMORE,,,75,ASH,23.9,5,120,
1045,W,ARDMORE,,,69,LINDEN,22,3,66,
1050,W,ARDMORE,,,61,SILVER MAPLE,19.4,3,58,
1002,W,THORNDALE,,,60,LINDEN,19.1,3,57,
1017,W,THORNDALE,,,121,SIBERIAN ELM,38.5,2,77,
1019,W,THORNDALE,,,120,SIBERIAN ELM,38.2,2,76,
1025,W,THORNDALE,,,62,LINDEN,19.7,3,59,
BROKEN! NEEDS FIXING: ,,,,,78.0,SIBERIAN ELM,24.8,2,50,4158'46.9N 8740'28.9W
5239,N,ASHLAND,,,45.0,BLACK LOCUST,14.3,3.5,50,EAST PARKWAY
5547,N,ASHLAND,,,52.5,BASSWOOD,16.7,3,50,MELLIN PLAYLOT PARK
1610,W,BERWYN,,,52.5,HONEY LOCUST,16.7,3,50,NORTH PARKWAY
1743,W,BRYN MAWR,,,52.5,HONEY LOCUST,16.7,3,50,SOUTH PARKWAY NEAR ALLEY
5404,N,PAULINA,,,35.0,NORWAY MAPLE,11.1,4.5,50,WEST PARKWAY
5501,N,PAULINA,,,52.5,HONEY LOCUST,16.7,3,50,EAST PARKWAY-MIDDLE TREE
1650,W,RASCHER,,,52.5,HONEY LOCUST,16.7,3,50,NORTH PARKWAY
5313,N,RAVENSWOOD,,,46.0,LOCUST,14.6,3.5,51,EAST PARKWAY-1-S
1735,W,BRYN MAWR,,,54.0,HONEY LOCUST,17.2,3,52,SOUTH PARKWAY E PROPERTY EDGE
5238,N,CLARK,,,40.5,AMERICAN ELM,12.9,4,52,WEST PARKWAY
1656,W,FOSTER,,,40.5,GREEN ASH,12.9,4,52,NORTH PARKWAY LUTHERAN CHURCH MAINAIRS -1W
5453,N,PAULINA,,,81.5,CATALPA,26,2,52,EAST PARKWAY
5547,N,RAVENSWOOD,,,41.0,AMERICAN OR SLIPPERY ELM,13.1,4,52,ON BRYN MAWR SOUTH PARKWAY; LARGE INDUSTRIAL BLDG
5225,N,ASHLAND,,,55.0,HONEY LOCUST,17.5,3,53,EAST PARKWAY
5301,N,RAVENSWOOD,,,55.3,HONEY LOCUST,17.6,3,53,ON BERWYN NORTH PARKWAY
5345,N,ASHLAND,,,55.5,LINDEN,17.7,3,53,EAST PARKWAY
1643,W,BERWN,,,33.5,WHITE ASH,10.7,5,54,SOUTH PARKWAY
1722,W,GREGORY,,,56.0,CRABAPPLE,17.8,3,53,NORTH PARKWAY 1 W
1650,W,RASCHER,,,56.0,HONEY LOCUST,17.8,3,53,ON PAULINA EAST PARKWAY NEAR CORNER
1750,W,SUMMERDALE,,,56.0,HONEY LOCUST,17.8,3,53,NORTH PARKWAY-1W MIDDLE
BROKEN! NEEDS FIXING: ,,,,,84.0,SIBERIAN ELM,26.8,2,54,4158'41.1N 8740'28.4W
5256,N,PAULINA,,,42.5,GREEN ASH,13.5,4,54,ON BERWYN SOUTH PARKWAY-1E
1509,W,SUMMERDALE,,,85.0,HACKBERRY,27.1,2,54,SOUTH PARKWAY @ CORNER
5338,N,ASHLAND,,,57.0,BASSWOOD,18.2,3,55,WEST PARKWAY
5254,N,ASHLAND,,,57.5,BASSWOOD,18.3,3,55,ON BERWYN NORTH PARKWAY
5313,N,RAVENSWOOD,,,49.5,LOCUST,15.8,3.5,55,EAST PARKWAY-1N
1743,W,BRYN MAWR,,,58.0,HONEY LOCUST,18.5,3,56,SOUTH PARKWAY 1E
5536,N,PAULINA,,,58.0,HONEY LOCUST,18.5,3,56,WEST PARKWAY: MULTI TRUNK; USED LARGEST CIRC
1647,W,RASCHER,,,87.0,CATALPA,27.7,2,55,SOUTH PARKWAY
5353,N,ASHLAND,,,35.0,BLUE SPRUCE,11.1,5,56,EAST PARKWAY
1729,W,RASCHER,,,58.5,SILVER MAPLE,18.6,3,56,SOUTH PARKWAY; MULTI-TRUNK. USED LARGEST TRUNK.
5301,N,RAVENSWOOD,,,58.5,HONEY LOCUST,18.6,3,56,ON BERWYN NORTH PARKWAY
5416,N,ASHLAND,,,39.3,NORWAY MAPLE,12.5,4.5,56,WEST PARKWAY
5406,N,ASHLAND,,,59.0,HONEY LOCUST,18.8,3,56,WEST PARKWAY
1700,W,CATALPA,,,59.0,HONEY LOCUST,18.8,3,56,NORTH PARKWAY
1700,W,CATALPA,,,60.0,HONEY LOCUST,19.1,3,57,NORTH PARKWAY
5348,N,PAULINA,,,40.0,NORWAY MAPLE,12.7,4.5,57,WEST PARKWAY
5434,N,PAULINA,,,40.0,NORWAY MAPLE,12.7,4.5,57,ON RASCHER NORTH PARKWAY 1 W MIDDLE
1720,W,SUMMERDALE,,,60.0,SILVER MAPLE,19.1,3,57,NORTH PARKWAY
5335,N,RAVENSWOOD,,,51.5,LOCUST,16.4,3.5,57,EAST PARKWAY
1739,W,BERWYN,,,45.5,GREEN ASH,14.5,4,58,SOUTH PARKWAY
1720,W,RASCHER,,,91.0,CATALPA,29,2,58,NORTH PARKWAY
5235,N,RAVENSWOOD,,,45.5,GREEN ASH,14.5,4,58,ON FARRAGUT NORTH PARKWAY-1 W
1733,W,CATALPA,,,61.0,HONEY LOCUST,19.4,3,58,SOUTH PARKWAY
1703,W,CATALPA,,,61.5,HONEY LOCUST,19.6,3,59,SOUTH PARKWAY NEAR GARAGE DOOR
5210,N,PAULINA,,,41.0,NORWAY MAPLE,13.1,4.5,59,WEST PARKWAY
5300,N,PAULINA,,,41.0,NORWAY MAPLE,13.1,4.5,59,WEST PARKWAY
5517,N,PAULINA,,,61.5,HONEY LOCUST,19.6,3,59,EAST PARKWAY-1S
1652,W,FOSTER,,,46.5,AMERICAN ELM,14.8,4,59,NORTH PARKWAY LUTHERAN CHURCH @ CENTER COURTYARD
5300,N,PAULINA,,,62.5,HONEY LOCUST,19.9,3,60,ON BERWYN NORTH PARKWAY-1W
1650,W,RASCHER,,,62.5,HONEY LOCUST,19.9,3,60,NORTH PARKWAY
1741,W,GREGORY,,,47.0,HORSE CHESTNUST/BUCKEYE,15,4,60,SOUTH PARKWAY
1604,W,FARRAGUT,,,42.0,RED MAPLE,13.4,4.5,60,NORTH PARKWAY
1728,W,RASCHER,,,42.0,NORWAY MAPLE,13.4,4.5,60,NORTH PARKWAY
1753,W,RASCHER,,,95.5,CATALPA,30.4,2,61,ON RAVENSWOOD EAST PARKWAY
1644,W,FARRAGUT,,,42.5,RED MAPLE,13.5,4.5,61,NORTH PARKWAY
5414,N,PAULINA,,,34.8,RED PINE,11.1,5.5,61,WEST PARKWAY
5308,N,PAULINA,,,64.0,LOCUST,20.4,3,61,WEST PARKWAY
5545,N,RAVENSWOOD,,,64.0,HONEY LOCUST,20.4,3,61,ON GREGORY NORTH PARKWAY BY PARKING LOT 1 E
5418,N,ASHLAND,,,43.0,NORWAY MAPLE,13.7,4.5,62,WEST PARKWAY
1727,W,BRYN MAWR,,,64.5,HONEY LOCUST,20.5,3,62,SOUTH PARKWAY
1729,W,BRYN MAWR,,,64.5,HONEY LOCUST,20.5,3,62,SOUTH PARKWAY
1655,W,CATALPA,,,97.5,CATALPA,31.1,2,62,ON PAULINA EAST PARKWAY NEAR CORNER
1704,W,CATALPA,,,65.0,HONEY LOCUST,20.7,3,62,NORTH PARKWAY
5454,N,PAULINA,,,43.5,NORWAY MAPLE,13.9,4.5,63,WEST PARKWAY
5319,N,RAVENSWOOD,,,98.0,CATALPA,31.2,2,62,EAST PARKWAY
5339,N,RAVENSWOOD,,,56.0,LOCUST,17.8,3.5,62,EAST PARKWAY
1752,W,CATALPA,,,99.0,CATALPA,31.5,2,63,NORTH PARKWAY NEAR ALLEY
1706,W,BALMORAL,,,99.5,CATALPA,31.7,2,63,NORTH PARKWAY
1740,W,RASCHER,,,99.5,CATALPA,31.7,2,63,NORTH PARKWAY
1718,W,FARRAGUT,,,66.5,LOCUST,21.2,3,64,NORTH PARKWAY
5337,N,RAVENSWOOD,,,57.0,LOCUST,18.2,3.5,64,EAST PARKWAY
5501,N,PAULINA,,,66.8,HONEY LOCUST,21.3,3,64,EAST PARKWAY-1S
1700,W,CATALPA,,,67.0,HONEY LOCUST,21.3,3,64,NORTH PARKWAY
1622,W,FARRAGUT,,,67.0,HONEY LOCUST,21.3,3,64,NORTH PARKWAY
5517,N,PAULINA,,,67.0,HONEY LOCUST,21.3,3,64,EAST PARKWAY-1N
1720,W,BALMORAL,,,40.5,ASH,12.9,5,65,NORTH PARKWAY
5545,N,PAULINA,,,58.0,BLACK LOCUST,18.5,3.5,65,EAST PARKWAY
5338,N,ASHLAND,,,68.0,BASSWOOD,21.7,3,65,WEST PARKWAY
5414,N,ASHLAND,,,68.0,HONEY LOCUST,21.7,3,65,WEST PARKWAY
5440,N,ASHLAND,,,68.0,HONEY LOCUST,21.7,3,65,WEST PARKWAY
1726,W,CATALPA,,,68.0,HONEY LOCUST,21.7,3,65,NORTH PARKWAY
1736,W,CATALPA,,,102.0,CATALPA,32.5,2,65,NORTH PARKWAY
1622,W,RASCHER,,,68.0,HONEY LOCUST,21.7,3,65,NORTH PARKWAY
5355,N,RAVENSWOOD,,,102.0,COTTONWOOD,32.5,2,65,EAST PARKWAY
5532,N,PAULINA,,,68.5,HONEY LOCUST,21.8,3,65,ON GREGORY NORTH PARKWAY @ ALLEY
1723,W,BRYN MAWR,,,46.0,NORWAY MAPLE,14.6,4.5,66,SOUTH PARKWAY
5415,N,ASHLAND,,,104.0,CATALPA,33.1,2,66,EAST PARKWAY
5421,N,ASHLAND,,,69.5,HONEY LOCUST,22.1,3,66,EAST PARKWAY
5207,N,ASHLAND,,,52.5,AMERICAN ELM,16.7,4,67,EAST PARKWAY
5235,N,ASHLAND,,,70.0,KY COFFEETREE,22.3,3,67,ANDERSONVILLE PLAYLOT PARK
1706,W,BALMORAL,,,42.0,ASH,13.4,5,67,NORTH PARKWAY
5300,N,PAULINA,,,70.0,HONEY LOCUST,22.3,3,67,ON BERWYN NORTH PARKWAY-1E
1637,W,SUMMERDALE,,,70.0,HONEY LOCUST,22.3,3,67,SOUTH PARKWAY
5434,N,ASHLAND,,,47.0,NORWAY MAPLE,15,4.5,68,ON RASCHER NORTH PARKWAY
5520,N,PAULINA,,,47.0,NORWAY MAPLE,15,4.5,68,ON GREGORY SOUTH PARKWAY 2 W
5520,N,PAULINA,,,47.0,NORWAY MAPLE,15,4.5,68,ON GREGORY SOUTH PARKWAY 3 W
5254,N,ASHLAND,,,42.5,WHITE ASH,13.5,5,68,ON BERWYN NORTH PARKWAY
1741,W,CATALPA,,,71.0,HONEY LOCUST,22.6,3,68,SOUTH PARKWAY
5434,N,PAULINA,,,47.5,NORWAY MAPLE,15.1,4.5,68,ON RASCHER NORTH PARKWAY 1 W
1740,W,CATALPA,,,53.5,AMERICAN ELM,17,4,68,NORTH PARKWAY
1743,W,BRYN MAWR,,,71.5,HONEY LOCUST,22.8,3,68,SOUTH PARKWAY MIDDLE TREE
1702,W,CATALPA,,,72.0,HONEY LOCUST,22.9,3,69,NORTH PARKWAY
5312,N,PAULINA,,,48.0,NORWAY MAPLE,15.3,4.5,69,WEST PARKWAY
1640,W,RASCHER,,,48.0,RED MAPLE,15.3,4.5,69,NORTH PARKWAY
1715,W,RASCHER,,,108.0,CATALPA,34.4,2,69,SOUTH PARKWAY @ ALLEY CORNER
5545,N,RAVENSWOOD,,,48.0,NORWAY MAPLE,15.3,4.5,69,ON GREGORY NORTH PARKWAY BY PARKING LOT 1 W
1731,W,SUMMERDALE,,,72.0,SILVER MAPLE,22.9,3,69,SOUTH PARKWAY
1700,W,FOSTER,,,48.3,NORWAY MAPLE,15.4,4.5,69,ON PAULINA WEST PARKWAY NEAR CORNER
5235,N,ASHLAND,,,72.5,KY COFFEETREE,23.1,3,69,ANDERSONVILLE PLAYLOT PARK
1702,W,CATALPA,,,72.5,HONEY LOCUST,23.1,3,69,NORTH PARKWAY
1719,W,GREGORY,,,72.5,LINDEN,23.1,3,69,SOUTH PARKWAY
1710,W,BALMORAL,,,48.5,NORWAY MAPLE,15.4,4.5,69,NORTH PARKWAY-1E
5520,N,PAULINA,,,48.5,NORWAY MAPLE,15.4,4.5,69,ON GREGORY SOUTH PARKWAY CORNER
1639,W,SUMMERDALE,,,48.5,RED MAPLE,15.4,4.5,69,SOUTH PARKWAY
5554,N,PAULINA,,,73.0,HONEY LOCUST,23.2,3,70,WEST PARKWAY
5219,N,ASHLAND,,,55.0,AMERICAN ELM,17.5,4,70,EAST PARKWAY
5355,N,ASHLAND,,,49.0,NORWAY MAPLE,15.6,4.5,70,EAST PARKWAY
1751,W,CATALPA,,,49.0,NORWAY MAPLE,15.6,4.5,70,SOUTH PARKWAY @ CORNER; MULTI-TRUNK:LARGEST USED
5501,N,PAULINA,,,73.5,HONEY LOCUST,23.4,3,70,EAST PARKWAY-1N
1610,W,SUMMERDALE,,,49.0,NORWAY MAPLE,15.6,4.5,70,NORTH PARKWAY
1715,W,CATALPA,,,74.0,HONEY LOCUST,23.6,3,71,SOUTH PARKWAY
1750,W,SUMMERDALE,,,74.0,HONEY LOCUST,23.6,3,71,NORTH PARKWAY-1E MIDDLE
1750,W,SUMMERDALE,,,74.0,HONEY LOCUST,23.6,3,71,NORTH PARKWAY-2E
5234,N,ASHLAND,,,49.5,NORWAY MAPLE,15.8,4.5,71,WEST PARKWAY
1705,W,FARRAGUT,,,49.5,NORWAY MAPLE,15.8,4.5,71,SOUTH PARKWAY
1751,W,SUMMERDALE,,,49.5,NORWAY MAPLE,15.8,4.5,71,SOUTH PARKWAY
5235,N,ASHLAND,,,75.0,KY COFFEETREE,23.9,3,72,ANDERSONVILLE PLAYLOT PARK
5354,N,ASHLAND,,,75.0,HONEY LOCUST,23.9,3,72,WEST PARKWAY
1729,W,BALMORAL,,,45.0,WHITE ASH,14.3,5,72,SOUTH PARKWAY
1646,W,FARRAGUT,,,50.0,RED MAPLE,15.9,4.5,72,NORTH PARKWAY
1727,W,GREGORY,,,50.0,NORWAY MAPLE,15.9,4.5,72,SOUTH PARKWAY
1750,W,SUMMERDALE,,,75.0,HONEY LOCUST,23.9,3,72,NORTH PARKWAY @ NE CORNER RAVENSWOOD
1633,W,BERWYN,,,50.5,RED MAPLE,16.1,4.5,72,SOUTH PARKWAY
1747,W,FARRAGUT,,,50.5,MAPLE,16.1,4.5,72,SOUTH PARKWAY
5304,N,PAULINA,,,50.5,NORWAY MAPLE,16.1,4.5,72,WEST PARKWAY
1726,W,BALMORAL,,,114.0,CATALPA,36.3,2,73,NORTH PARKWAY
1725,W,CATALPA,,,76.0,HONEY LOCUST,24.2,3,73,SOUTH PARKWAY
1647,W,RASCHER,,,76.0,HONEY LOCUST,24.2,3,73,SOUTH PARKWAY @ CORNER
5547,N,RAVENSWOOD,,,57.0,AMERICAN OR SLIPPERY ELM,18.2,4,73,ON BRYN MAWR SOUTH PARKWAY; 1E
5443,N,PAULINA,,,76.3,HONEY LOCUST,24.3,3,73,EAST PARKWAY
1636,W,BERWYN,,,76.5,SILVER MAPLE,24.4,3,73,NORTH PARKWAY
1750,W,RASCHER,,,51.0,NORWAY MAPLE,16.2,4.5,73,NORTH PARKWAY
1602,W,SUMMERDALE,,,51.0,NORWAY MAPLE,16.2,4.5,73,NORTH PARKWAY
1736,W,SUMMERDALE,,,76.5,HONEY LOCUST,24.4,3,73,NORTH PARKWAY
5235,N,RAVENSWOOD,,,57.5,GREEN ASH,18.3,4,73,ON FARRAGUT NORTH PARKWAY-1 E
5235,N,ASHLAND,,,77.0,KY COFFEETREE,24.5,3,74,ANDERSONVILLE PLAYLOT PARK
1728,W,CATALPA,,,77.0,HONEY LOCUST,24.5,3,74,NORTH PARKWAY
1721,W,BERWYN,,,51.5,NORWAY MAPLE,16.4,4.5,74,SOUTH PARKWAY
1631,W,BERWYN,,,52.0,RED MAPLE,16.6,4.5,75,SOUTH PARKWAY
1631,W,RASCHER,,,52.0,NORWAY MAPLE,16.6,4.5,75,SOUTH PARKWAY
5520,N,PAULINA,,,52.3,NORWAY MAPLE,16.6,4.5,75,WEST PARKWAY-1S
1724,W,BALMORAL,,,78.5,HONEY LOCUST,25,3,75,NORTH PARKWAY
5507,N,PAULINA,,,78.5,HONEY LOCUST,25,3,75,EAST PARKWAY
5547,N,ASHLAND,,,78.6,SILVER MAPLE,25,3,75,MELLIN PLAYLOT PARK
5312,N,PAULINA,,,52.5,NORWAY MAPLE,16.7,4.5,75,WEST PARKWAY
1640,W,SUMMERDALE,,,52.5,RED MAPLE,16.7,4.5,75,NORTH PARKWAY
1637,W,BERWYN,,,79.0,SILVER MAPLE,25.2,3,76,SOUTH PARKWAY
5510,N,PAULINA,,,79.0,HONEY LOCUST,25.2,3,76,WEST PARKWAY
1730,W,GREGORY,,,59.5,SYCAMORE,18.9,4,76,NORTH PARKWAY
1604,W,FARRAGUT,,,53.0,RED MAPLE,16.9,4.5,76,NORTH PARKWAY
1725,W,FARRAGUT,,,53.0,NORWAY MAPLE,16.9,4.5,76,SOUTH PARKWAY
5356,N,PAULINA,,,53.0,NORWAY MAPLE,16.9,4.5,76,ON BALMORAL SOUTH PARKWAY
5434,N,PAULINA,,,53.0,NORWAY MAPLE,16.9,4.5,76,ON RASCHER NORTH PARKWAY @ CORNER
1640,W,FARRAGUT,,,53.3,RED MAPLE,17,4.5,77,NORTH PARKWAY
5304,N,PAULINA,,,53.3,NORWAY MAPLE,17,4.5,77,WEST PARKWAY
1604,W,BERWYN,,,40.0,CRABAPPLE,12.7,6,76,NORTH PARKWAY
1730,W,CATALPA,,,80.0,HONEY LOCUST,25.5,3,77,NORTH PARKWAY
1705,W,FARRAGUT,,,80.0,BASSWOOD/LINDEN,25.5,3,77,SOUTH PARKWAY
1739,W,SUMMERDALE,,,80.0,HONEY LOCUST,25.5,3,77,SOUTH PARKWAY
1722,W,CATALPA,,,81.0,HONEY LOCUST,25.8,3,77,NORTH PARKWAY
1751,W,CATALPA,,,54.0,NORWAY MAPLE,17.2,4.5,77,SOUTH PARKWAY MIDDLE TREE
5434,N,PAULINA,,,54.0,NORWAY MAPLE,17.2,4.5,77,ON RASCHER NORTH PARKWAY 1 E MIDDLE
5441,N,PAULINA,,,54.0,NORWAY MAPLE,17.2,4.5,77,EAST PARKWAY
1642,W,RASCHER,,,81.0,HONEY LOCUST,25.8,3,77,NORTH PARKWAY
1739,W,RASCHER,,,54.0,NORWAY MAPLE,17.2,4.5,77,SOUTH PARKWAY BY SIDE YARD
1700,W,FARRAGUT,,,81.5,SILVER MAPLE,26,3,78,ON PAULINA WEST PARKWAY-1N WHITE HOUSE
1736,W,GREGORY,,,81.5,HONEY LOCUST,26,3,78,NORTH PARKWAY
1654,W,BERWYN,,,54.5,NORWAY MAPLE,17.4,4.5,78,NORTH PARKWAY
1738,W,GREGORY,,,55.0,NORWAY MAPLE,17.5,4.5,79,NORTH PARKWAY
5406,N,PAULINA,,,55.0,NORWAY MAPLE,17.5,4.5,79,WEST PARKWAY
1751,W,SUMMERDALE,,,55.0,NORWAY MAPLE,17.5,4.5,79,SOUTH PARKWAY
1616,W,BERWYN,,,83.0,HONEY LOCUST,26.4,3,79,NORTH PARKWAY
5235,N,ASHLAND,,,125.0,COTTONWOOD,39.8,2,80,ANDERSONVILLE PLAYLOT PARK
5235,N,ASHLAND,,,125.0,COTTONWOOD,39.8,2,80,ANDERSONVILLE PLAYLOT PARK
1720,W,BERWYN,,,62.5,GREEN ASH,19.9,4,80,NORTH PARKWAY-1W
5440,N,PAULINA,,,83.5,HONEY LOCUST,26.6,3,80,WEST PARKWAY
1719,W,BALMORAL,,,56.0,NORWAY MAPLE,17.8,4.5,80,SOUTH PARKWAY
1722,W,FARRAGUT,,,84.0,SILVER MAPLE,26.8,3,80,NORTH PARKWAY
5323,N,PAULINA,,,56.0,NORWAY MAPLE,17.8,4.5,80,ON SUMMERDALE SOUTH PARKWAY @ CORNER
5554,N,PAULINA,,,63.0,GREEN ASH,20.1,4,80,ON BRYN MAWR SOUTH PARKWAY MIDDLE TREE
1615,W,RASCHER,,,56.0,NORWAY MAPLE,17.8,4.5,80,SOUTH PARKWAY
5520,N,PAULINA,,,56.5,NORWAY MAPLE,18,4.5,81,WEST PARKWAY NEAR CORNER-HARTWELL PLACE
1700,W,FARRAGUT,,,85.0,SILVER MAPLE,27.1,3,81,ON PAULINA WEST PARKWAY-1 S WHITE HOUSE
BROKEN! NEEDS FIXING: ,,,,,128.0,COTTONWOOD,40.8,2,82,4158'41.2N 8740'28.3W
5439,N,PAULINA,,,57.0,NORWAY MAPLE,18.2,4.5,82,EAST PARKWAY
1615,W,RASCHER,,,57.0,NORWAY MAPLE,18.2,4.5,82,SOUTH PARKWAY
1732,W,RASCHER,,,86.0,HONEY LOCUST,27.4,3,82,NORTH PARKWAY
1714,W,BERWYN,,,65.0,GREEN ASH,20.7,4,83,NORTH PARKWAY
1751,W,CATALPA,,,65.0,AMERICAN ELM,20.7,4,83,SOUTH PARKWAY @ SW CORNER OF RAVENSWOOD
5521,N,PAULINA,,,58.0,NORWAY MAPLE,18.5,4.5,83,EAST PARKWAY
1700,W,SUMMERDALE,,,52.5,ASH,16.7,5,84,NORTH PARKWAY EAST OF ALLEY
1716,W,BERWYN,,,66.0,GREEN ASH,21,4,84,NORTH PARKWAY
1731,W,BERWYN,,,66.0,GREEN ASH,21,4,84,SOUTH PARKWAY
1602,W,SUMMERDALE,,,89.0,SILVER MAPLE,28.3,3,85,NORTH PARKWAY
1654,W,BERWYN,,,59.5,NORWAY MAPLE,18.9,4.5,85,NORTH PARKWAY
5542,N,ASHLAND,,,90.0,SILVER MAPLE,28.7,3,86,WEST PARKWAY
1731,W,BALMORAL,,,90.0,HONEY LOCUST,28.7,3,86,SOUTH PARKWAY
5352,N,ASHLAND,,,54.5,WHITE ASH,17.4,5,87,WEST PARKWAY
1718,W,BALMORAL,,,61.0,NORWAY MAPLE,19.4,4.5,87,NORTH PARKWAY
1734,W,BALMORAL,,,61.0,NORWAY MAPLE,19.4,4.5,87,NORTH PARKWAY
1719,W,BRYN MAWR,,,91.5,SILVER MAPLE,29.1,3,87,SOUTH PARKWAY
1636,W,RASCHER,,,61.0,RED MAPLE,19.4,4.5,87,NORTH PARKWAY
1641,W,BERWYN,,,55.0,WHITE ASH,17.5,5,88,SOUTH PARKWAY
1622,W,BERWYN,,,92.0,HONEY LOCUST,29.3,3,88,NORTH PARKWAY
1737,W,BALMORAL,,,61.5,NORWAY MAPLE,19.6,4.5,88,SOUTH PARKWAY
1738,W,BALMORAL,,,61.5,NORWAY MAPLE,19.6,4.5,88,NORTH PARKWAY
5338,N,PAULINA,,,92.5,HONEY LOCUST,29.5,3,89,WEST PARKWAY
1735,W,BERWYN,,,62.0,NORWAY MAPLE,19.7,4.5,89,SOUTH PARKWAY
1701,W,FARRAGUT,,,62.0,NORWAY MAPLE,19.7,4.5,89,ON PAULINA WEST PARKWAY BLUE HOUSE
5418,N,PAULINA,,,62.0,NORWAY MAPLE,19.7,4.5,89,WEST PARKWAY
5540,N,PAULINA,,,62.0,NORWAY MAPLE,19.7,4.5,89,WEST PARKWAY
1715,W,BALMORAL,,,70.0,SYCAMORE,22.3,4,89,SOUTH PARKWAY
1751,W,SUMMERDALE,,,80.0,LOCUST,25.5,3.5,89,ON RAVENSWOOD SOUTH PARKWAY @ CORNER
5324,N,ASHLAND,,,56.5,WHITE ASH,18,5,90,WEST PARKWAY
1739,W,CATALPA,,,94.5,SILVER MAPLE,30.1,3,90,SOUTH PARKWAY
1727,W,BERWYN,,,71.5,GREEN ASH,22.8,4,91,SOUTH PARKWAY
1714,W,BALMORAL,,,64.0,NORWAY MAPLE,20.4,4.5,92,NORTH PARKWAY
1615,W,RASCHER,,,64.0,NORWAY MAPLE,20.4,4.5,92,SOUTH PARKWAY
1641,W,SUMMERDALE,,,64.0,RED MAPLE,20.4,4.5,92,SOUTH PARKWAY
1732,W,FARRAGUT,,,64.5,MAPLE,20.5,4.5,92,NORTH PARKWAY
5208,N,PAULINA,,,64.5,NORWAY MAPLE,20.5,4.5,92,WEST PARKWAY
1714,W,FARRAGUT,,,97.0,SILVER MAPLE,30.9,3,93,NORTH PARKWAY
1626,W,RASCHER,,,97.0,HONEY LOCUST,30.9,3,93,NORTH PARKWAY
1616,W,RASCHER,,,65.0,NORWAY MAPLE,20.7,4.5,93,NORTH PARKWAY
5353,N,RAVENSWOOD,,,147.0,COTTONWOOD,46.8,2,94,EAST PARKWAY
1732,W,GREGORY,,,65.5,NORWAY MAPLE,20.9,4.5,94,NORTH PARKWAY
5554,N,PAULINA,,,74.0,GREEN ASH,23.6,4,94,ON BRYN MAWR SOUTH PARKWAY-1E
1721,W,BALMORAL,,,66.0,NORWAY MAPLE,21,4.5,95,SOUTH PARKWAY
1615,W,RASCHER,,,66.0,RED MAPLE,21,4.5,95,SOUTH PARKWAY
1643,W,RASCHER,,,66.0,RED MAPLE,21,4.5,95,SOUTH PARKWAY
5315,N,RAVENSWOOD,,,60.0,WHITE ASH,19.1,5,96,EAST PARKWAY-1N
1720,W,CATALPA,,,67.0,NORWAY MAPLE,21.3,4.5,96,NORTH PARKWAY
5511,N,PAULINA,,,67.5,NORWAY MAPLE,21.5,4.5,97,EAST PARKWAY
1714,W,RASCHER,,,67.5,NORWAY MAPLE,21.5,4.5,97,NORTH PARKWAY @ ALLEY CORNER
1604,W,FARRAGUT,,,61.0,WHITE ASH,19.4,5,97,NORTH PARKWAY
1723,W,GREGORY,,,61.0,BURR OAK,19.4,5,97,SOUTH PARKWAY
5501,N,RAVENSWOOD,,,76.5,GREEN ASH,24.4,4,98,ON BERWYN NORTH PARKWAY
1614,W,SUMMERDALE,,,153.0,COTTONWOOD,48.7,2,97,NORTH PARKWAY
1620,W,SUMMERDALE,,,68.0,RED MAPLE,21.7,4.5,98,NORTH PARKWAY
1720,W,BERWYN,,,77.0,GREEN ASH,24.5,4,98,NORTH PARKWAY-1E
1628,W,SUMMERDALE,,,68.5,RED MAPLE,21.8,4.5,98,NORTH PARKWAY
5346,N,PAULINA,,,69.0,NORWAY MAPLE,22,4.5,99,WEST PARKWAY
1705,W,RASCHER,,,69.0,NORWAY MAPLE,22,4.5,99,SOUTH PARKWAY
1733,W,BERWYN,,,78.0,GREEN ASH,24.8,4,99,SOUTH PARKWAY
1732,W,FOSTER,,,78.5,ELM,25,4,100,NORTH PARKWAY
1638,W,BERWYN,,,105.0,SILVER MAPLE,33.4,3,100,NORTH PARKWAY
5235,N,RAVENSWOOD,,,106.0,SILVER MAPLE,33.8,3,101,ON BERWYN SOUTH PARKWAY
5434,N,ASHLAND,,,71.0,NORWAY MAPLE,22.6,4.5,102,ON RASCHER NORTH PARKWAY @ CORNER
1729,W,GREGORY,,,106.5,HONEY LOCUST,33.9,3,102,SOUTH PARKWAY
1738,W,BERWYN,,,80.0,GREEN ASH,25.5,4,102,NORTH PARKWAY
1723,W,BALMORAL,,,64.5,WHITE ASH,20.5,5,103,SOUTH PARKWAY
1721,W,BRYN MAWR,,,107.5,SILVER MAPLE,34.2,3,103,SOUTH PARKWAY
1700,W,SUMMERDALE,,,64.5,ASH,20.5,5,103,NORTH PARKWAY MIDDLE TREE
1748,W,FARRAGUT,,,81.0,AMERICAN ELM,25.8,4,103,NORTH PARKWAY-BY PARKING LOT
5352,N,PAULINA,,,81.0,SYCAMORE,25.8,4,103,WEST PARKWAY
1700,W,SUMMERDALE,,,108.0,SILVER MAPLE,34.4,3,103,NORTH PARKWAY
5457,N,PAULINA,,,72.5,NORWAY MAPLE,23.1,4.5,104,EAST PARKWAY
5523,N,RAVENSWOOD,,,73.0,NORWAY MAPLE,23.2,4.5,104,ON GREGORY SOUTH PARKWAY 3 E
5422,N,PAULINA,,,73.5,NORWAY MAPLE,23.4,4.5,105,WEST PARKWAY
1715,W,FARRAGUT,,,74.0,NORWAY MAPLE,23.6,4.5,106,SOUTH PARKWAY
1701,W,SUMMERDALE,,,111.5,SILVER MAPLE,35.5,3,107,SOUTH PARKWAY
1703,W,SUMMERDALE,,,111.5,SILVER MAPLE,35.5,3,107,SOUTH PARKWAY
1714,W,SUMMERDALE,,,67.0,ASH,21.3,5,107,NORTH PARKWAY
1725,W,SUMMERDALE,,,67.0,ASH,21.3,5,107,SOUTH PARKWAY
1715,W,BERWYN,,,75.0,NORWAY MAPLE,23.9,4.5,108,SOUTH PARKWAY
1654,W,FARRAGUT,,,113.0,SILVER MAPLE,36,3,108,NORTH PARKWAY
5532,N,PAULINA,,,49.0,REDBUD,15.6,7,109,ON GREGORY NORTH PARKWAY
1615,W,RASCHER,,,77.0,NORWAY MAPLE,24.5,4.5,110,SOUTH PARKWAY
5348,N,ASHLAND,,,69.5,WHITE ASH,22.1,5,111,WEST PARKWAY
5352,N,PAULINA,,,116.0,SILVER MAPLE,36.9,3,111,WEST PARKWAY
5554,N,PAULINA,,,87.0,GREEN ASH,27.7,4,111,ON BRYN MAWR SOUTH PARKWAY-1W
1629,W,SUMMERDALE,,,117.0,SILVER MAPLE,37.3,3,112,SOUTH PARKWAY
1711,W,BERWYN,,,118.0,SILVER MAPLE,37.6,3,113,SOUTH PARKWAY
1632,W,SUMMERDALE,,,118.0,SILVER MAPLE,37.6,3,113,NORTH PARKWAY
5353,N,ASHLAND,,,72.0,ASH,22.9,5,115,EAST PARKWAY
1617,W,BERWYN,,,72.0,WHITE ASH,22.9,5,115,SOUTH PARKWAY
5310,N,ASHLAND,,,73.0,WHITE ASH,23.2,5,116,WEST PARKWAY
1625,W,BERWYN,,,73.0,WHITE ASH,23.2,5,116,SOUTH PARKWAY
1734,W,FOSTER,,,91.5,ELM,29.1,4,116,NORTH PARKWAY
1620,W,SUMMERDALE,,,82.0,RED MAPLE,26.1,4.5,117,NORTH PARKWAY
1710,W,FARRAGUT,,,126.0,SLIVER MAPLE,40.1,3,120,NORTH PARKWAY
1631,W,SUMMERDALE,,,127.0,SILVER MAPLE,40.4,3,121,SOUTH PARKWAY
1645,W,BERWYN,,,76.5,WHITE ASH,24.4,5,122,SOUTH PARKWAY
BROKEN! NEEDS FIXING: ,,,,,192.0,COTTONWOOD,61.1,2,122,4158'44.7N 8740'28.3W
1732,W,BERWYN,,,99.0,GREEN ASH,31.5,4,126,NORTH PARKWAY
5324,N,ASHLAND,,,79.5,WHITE ASH,25.3,5,127,ON SUMMERDALE SOUTH PARKWAY NEAR CORNER
1651,W,FOSTER,,,173.0,MULBERRY,55.1,2.3,127,LUTHERAN CHURCH SIDE YARD BEHIND FENCE
1737,W,FARRAGUT,,,82.0,ASH,26.1,5,131,SOUTH PARKWAY
5521,N,RAVENSWOOD,,,148.0,SILVER MAPLE,47.1,3,141,EAST PARKWAY; 5 TRUNKS;TOTAL CIRC USED
1720,W,SUMMERDALE,,,89.0,ASH,28.3,5,142,NORTH PARKWAY
1735,W,FARRAGUT,,,92.0,ASH,29.3,5,147,SOUTH PARKWAY
1616,W,FARRAGUT,,,117.0,SYCAMORE,37.3,4,149,NORTH PARKWAY
1616,W,FARRAGUT,,,120.0,SYCAMORE,38.2,4,153,NORTH PARKWAY
1638,W,SUMMERDALE,,,96.0,WHITE ASH,30.6,5,153,NORTH PARKWAY
5345,N,RAVENSWOOD,,,164.0,SILVER MAPLE,52.2,3,157,EAST PARKWAY
1701,W,FARRAGUT,,,133.0,ELM,42.4,4,170,SOUTH PARKWAY
1734,W,RASCHER,,,112.5,WHITE ASH,35.8,5,179,NORTH PARKWAY
1724,W,RASCHER,,,123.0,WHITE ASH,39.2,5,196,NORTH PARKWAY
BROKEN! NEEDS FIXING: 1650,W,BRYN MAWR,,,,NORWAY MAPLE,0,,0,
BROKEN! NEEDS FIXING: 5810,N,RNSWOOD,,,66,RED MAPLES,21,,0,
BROKEN! NEEDS FIXING: 5812,N,RNSWOOD,,,70,RED MAPLES,22,,0,
1636,W,HOLLYWOOD,,,62,NORWAY MAPLE ,20,4.5,89,
1648,W,HOLLYWOOD,,,51,NORWAY MAPLE ,16,4.5,73,
1775,W,OLIVE,,,65,NORWAY MAPLE ,21,4.5,93,
1605,W,OLIVE,,,69,LINDEN,22,3,66,
1725,W,OLIVE,,,73,NORWAY MAPLE,23,4.5,104,
1672,W,OLIVE,,,75,NORWAY MAPLE ,24,4.5,108,
1672,W,EDGEWATER,,,39,WHITE OAK,12,2,25,
1659,W,OLIVE,,,77,NORWAY MAPLE ,25,4.5,110,
1756,W,OLIVE,,,81,NORWAY MAPLE ,26,4.5,116,
1652,W,OLIVE,,,82,NORWAY MAPLE ,26,4.5,117,
1636,W,OLIVE,,,83,NORWAY MAPLE ,26,4.5,119,
1608,W,OLIVE,,,81,CATAPULT ,26,2,52,
1663,W,OLIVE,,,88,NORWAY MAPLE ,28,4.5,126,
1604,W,OLIVE,,,105,AMERICAN ELM,33,4,134,
1747,W,OLIVE,,,117,SILVER MAPLE,37,3,112,
1742,W,OLIVE,,,122,SILVER MAPLE ,39,3,117,
1751,W,OLIVE,,,126,SILVER MAPLE,40,3,120,
1624,W,OLIVE,,,129,SYCAMORE ,41,4,164,
5652,N,HERMITAGE,,,67,CATALPA,21,2,43,
1660,W,EDGEWATER,,,48,LINDEN,15,3,46,
1662,W,EDGEWATER,,,51,LOCUST ,16,3.5,57,
1616,W,BRYN MAWR,,,64,HONEY LOCUSTS ,20,3,61,
1650,W,EDGEWATER,,,98,CATALPA,31,2,62,
1764,W,THORNDALE,,,98,HONEY LOCUST,31,2,62,
1652,W,EDGEWATER,,,101,CATALPA,32,2,64,
1655,W,EDGEWATER,,,69,HONEY LOCUST ,22,3,66,
1653,W,EDGEWATER,,,69,HONEY LOCUST ,22,3,66,
1675,W,HOLLYWOOD,,,46,CRIMSON MAPLE,15,4.5,66,
1631,W,EDGEWATER,,,70,HONEY LOCUST ,22,3,67,
1677,W,HOLLYWOOD,,,70,CRIMSON MAPLE,22,3,67,
5616,N,RNSWOOD,,,42,WHITE ASH,13,5,67,
1625,W,BRYN MAWR,,,72,FIELD ELM,23,3,69,
1656,W,EDGEWATER,,,72,HONEY LOCUST ,23,3,69,116
1624,W,EDGEWATER,,,48,NORWAY MAPLE ,15,4.5,69,96
5646,N,ASHLAND,,,73,SILVER MAPLE,23,3,70,
BROKEN! NEEDS FIXING: ,,THORNDALE,,,112,EASTERN COTTONWOOD,36,2,71,"ON RR EMBANKMENT, END OFREET"
1627,W,EDGEWATER,,,76,HONEY LOCUST ,24,3,73,
1635,W,HOLLYWOOD,,,51,NORWAY MAPLE ,16,4.5,73,
5717,N,RNSWOOD,,,51,NORWAY MAPLE ,16,4.5,73,
1615,W,ROSEHILL,,,52,NORWAY MAPLE,17,4.5,75,
5614,N,RNSWOOD,,,48,WHITE ASH,15,5,77,
5925,N,RNSWOOD,,,120,EASTERN COTTONWOOD,38,2,76,
1715,W,ROSEHILL,,,80,LINDEN,26,3,77,
1635,W,EDGEWATER,,,81,HONEY LOCUST ,26,3,77,
1711,W,ROSEHILL,,,81,SILVER MAPLE,26,3,77,
5990,N,PETERSON,,,82,SILVER MAPLE,26,3,78,
5618,N,RNSWOOD,,,49,WHITE ASH,16,5,78,
BROKEN! NEEDS FIXING: 5801,N,RNSWOOD,,,56,,18,4.5,80,
1636,W,BRYN MAWR,,,73,RIVER BIRCH,23,3.5,81,
1618,W,EDGEWATER,,,85,SILVER MAPLE ,27,3,81,
1740,W,BRYN MAWR,,,86,SILVER MAPLE,27,3,82,
1614,W,EDGEWATER,,,57,HONEY LOCUST ,18,4.5,82,
1612,W,ROSEHILL,,,86,HONEY LOCUST,27,3,82,
1661,W,EDGEWATER,,,59,NORWAY MAPLE ,19,4.5,85,
1617,W,EDGEWATER,,,59,NORWAY MAPLE ,19,4.5,85,
1721,W,BRYN MAWR,,,90,SILVER MAPLE,29,3,86,
1620,W,EDGEWATER,,,60,NORWAY MAPLE ,19,4.5,86,
5636,N,HERMITAGE,,,60,NORWAY MABLE,19,4.5,86,
5940,N,PAULINA,,,60,NORWAY MAPLE,19,4.5,86,
1735,W,THORNDALE,,,60,NORWAY MAPLE,19,4.5,86,
1721,W,THORNDALE,,,60,NORWAY MAPLE,19,4.5,86,
1667,W,HOLLYWOOD,,,61,HONEY LOCUST ,19,4.5,87,
1728,W,ROSEHILL,,,91,LINDEN,29,3,87,
1638,W,EDGEWATER,,,62,SILVER MAPLE ,20,4.5,89,
1651,W,HOLLYWOOD,,,62,NORWAY MAPLE ,20,4.5,89,
5651,N,HERMITAGE,,,63,CRIMSON MAPLE,20,4.5,90,
1675,W,HOLLYWOOD,,,63,NORWAY MAPLE ,20,4.5,90,
5934,N,PAULINA,,,63,NORWAY MAPLE,20,4.5,90,
5715,N,RNSWOOD,,,63,NORWAY MAPLE ,20,4.5,90,
5618,N,RNSWOOD,,,57,WHITE ASH,18,5,91,
5942,N,PAULINA,,,64,NORWAY MAPLE,20,4.5,92,
1715,W,ROSEHILL,,,125,MULBERRY,40,2.3,92,
1748,W,THORNDALE,,,64,NORWAY MAPLE,20,4.5,92,
1772,W,THORNDALE,,,64,NORWAY MAPLE,20,4.5,92,
1734,W,THORNDALE,,,64,NORWAY MAPLE,20,4.5,92,
1736,W,BRYN MAWR,,,65,NORWAY MAPLE,21,4.5,93,
1642,W,EDGEWATER,,,65,SILVER MAPLE ,21,4.5,93,
5640,N,HERMITAGE,,,65,NORWAY MABLE,21,4.5,93,
1799,W,ROSEHILL,,,65,NORWAY MAPLE,21,4.5,93,
1653,W,ROSEHILL,,,98,LINDEN,31,3,94,
1653,W,ROSEHILL,,,66,NORWAY MAPLE,21,4.5,95,
1766,W,THORNDALE,,,66,NORWAY MAPLE,21,4.5,95,
1663,W,HOLLYWOOD,,,67,NORWAY MAPLE ,21,4.5,96,
1625,W,ROSEHILL,,,67,NORWAY MAPLE,21,4.5,96,
1732,W,ROSEHILL,,,67,NORWAY MAPLE,21,4.5,96,
1723,W,THORNDALE,,,67,NORWAY MAPLE,21,4.5,96,
1644,W,EDGEWATER,,,68,SILVER MAPLE ,22,4.5,98,
1764,W,THORNDALE,,,68,NORWAY MAPLE,22,4.5,98,
1636,W,THORNDALE,,,102,SILVER MAPLE,33,3,98,
1632,W,EDGEWATER,,,103,SILVER MAPLE ,33,3,98,
1665,W,BRYN MAWR,,,62,ASH,20,5,99,
1772,W,THORNDALE,,,70,NORWAY MAPLE,22,4.5,100,
1634,W,THORNDALE,,,105,SILVER MAPLE,33,3,100,
5637,N,HERMITAGE,,,71,NORWAY MABLE,23,4.5,102,
1614,W,PAULINA,,,71,NORWAY MAPLE,23,4.5,102,
1705,W,ROSEHILL,,,71,NORWAY MAPLE,23,4.5,102,
5638,N,HERMITAGE,,,72,NORWAY MABLE,23,4.5,103,
5630,N,RNSWOOD,,,108,SILVER MAPLE ,34,3,103,
1719,W,ROSEHILL,,,72,NORWAY MAPLE,23,4.5,103,
1746,W,THORNDALE,,,72,NORWAY MAPLE,23,4.5,103,
1653,W,HOLLYWOOD,,,73,NORWAY MAPLE ,23,4.5,104,
1611,W,ROSEHILL,,,73,NORWAY MAPLE,23,4.5,104,
1627,W,ROSEHILL,,,110,SILVER MAPLE,35,3,105,
BROKEN! NEEDS FIXING: ,,THORNDALE,,,74,NORWAY MAPLE,24,4.5,106,NW CORNER W/ HERMITAGE
1709,W,ROSEHILL,,,114,SILVER MAPLE,36,3,109,
1717,W,THORNDALE,,,77,NORWAY MAPLE,25,4.5,110,
1679,W,HOLLYWOOD,,,78,CRIMSON MAPLE,25,4.5,112,
5924,N,PAULINA,,,79,NORWAY MAPLE,25,4.5,113,
1667,W,BRYN MAWR,,,72,ASH,23,5,115,
1626,W,EDGEWATER,,,120,SILVER MAPLE ,38,3,115,
1665,W,HOLLYWOOD,,,81,NORWAY MAPLE ,26,4.5,116,
1730,W,THORNDALE,,,81,NORWAY MAPLE,26,4.5,116,
5822,N,PAULINA,,,82,NORWAY MAPLE,26,4.5,117,
5798,N,RNSWOOD,,,75,WHITE ASH,24,5,120,
1754,W,THORNDALE,,,84,NORWAY MAPLE,27,4.5,121,
1627,W,THORNDALE,,,85,NORWAY MAPLE,27,4.5,122,
5610,N,HERMITAGE,,,86,NORWAY MABLE,27,4.5,123,
1760,W,THORNDALE,,,140,CHINESE ELM,45,3,134,
1675,W,BRYN MAWR,,,85,ASH,27,5,136,
1718,W,THORNDALE,,,96,NORWAY MAPLE,31,4.5,138,
1674,W,HERMITAGE,,,97,SILVER MAPLE ,31,4.5,139,
5726,N,ROSEHILL,,,152,SILVER MAPLE,48,3,145,
1721,W,THORNDALE,,,130,BLACK LOCUST,41,3.5,145,
1664,W,EDGEWATER,,,160,BOX ELDER,51,3.25,166,
5830,N,HERMITAGE,,,120,NORWAY MAPLE,38,4.5,172,